;type_A;type_B;min_levelset;max_levelset;w_number;m_a;eta_t;k;mt_a;sigma_a;threshold;eta_s;eta_a;z_score;p_value;distance_association;proba
0;B;BnT;0;50.0;0;84615294.0;0.0;0.0;11716.324286901136;;;0.0;-0.0;;;773.5765854659718;False
1;B;BnT;50;100.0;1;998.0;0.0;0.0;0.1381888673497646;2661.4010408053873;7265.1205187547575;0.0;-0.0;-0.37499045979856815;;773.5765854659718;False
2;B;BnT;100;150.0;2;1180.0;0.0;0.0;0.16338964275823872;2889.2749955654963;7983.7226751643375;0.0;-0.0;-0.40840695392826304;;773.5765854659718;False
3;B;BnT;150;200.0;3;1501.0;0.0;0.0;0.20783716422043755;3249.399463747109;9152.75099154451;0.0;-0.0;-0.46193150972859837;;773.5765854659718;False
4;B;BnT;200;250.0;4;1620.0;0.0;0.0;0.22431459429520909;3372.1788208812413;9560.874282839977;0.0;-0.0;-0.4804015700379288;;773.5765854659718;False
5;B;BnT;250;300.0;5;1844.0;0.0;0.0;0.2553309332594849;3590.588531146391;10299.189846601754;0.0;-0.0;-0.5135648331754834;;773.5765854659718;False
6;B;BnT;300;400.0;6;4397.0;0.0;0.0;0.6088341179728607;5416.496365271558;17151.87421477874;0.0;-0.0;-0.811779368706279;;773.5765854659718;False
7;B;BnT;400;500.0;7;5137.0;0.0;0.0;0.711298809194129;5813.847080462299;18827.563643817284;0.0;-0.0;-0.8835801714260983;;773.5765854659718;False
8;B;BnT;500;600.0;8;5411.0;0.0;0.0;0.7492384381057878;5951.3340416246165;19425.3206958927;0.0;-0.0;-0.9092079124032645;;773.5765854659718;False
9;B;BnT;600;700.0;9;5606.0;2.0;14444.0;0.7762392689005816;6046.331739162183;19844.02317828595;0.0;0.0;1.4617127179370821;;773.5765854659718;False
10;B;BnT;700;800.0;10;5667.0;4.0;28888.0;0.7846856826363888;6075.583336190854;19973.905425318233;4.0;3.215314317363611;3.822019831688891;;773.5765854659718;False
11;B;BnT;800;900.0;11;5417.0;2.0;14444.0;0.7500692328994738;5954.291551057942;19438.285098389664;0.0;0.0;1.5160493775949058;;773.5765854659718;False
12;B;BnT;900;1000.0;12;4561.0;0.0;0.0;0.631542509000277;5508.103291969023;17531.592042029617;0.0;-0.0;-0.8280527358029165;;773.5765854659718;False
13;B;BnT;1000;1100.0;13;3805.0;0.0;0.0;0.526862364995846;5066.552760506891;15735.819999648518;0.0;-0.0;-0.7510037257796804;;773.5765854659718;False
14;B;BnT;1100;1200.0;14;3098.0;0.0;0.0;0.42896704513985046;4601.527518118303;13933.769237426495;0.0;-0.0;-0.6732546937515351;;773.5765854659718;False
15;B;BnT;1200;inf;15;6976.0;0.0;0.0;0.9659374134588756;6655.644221260628;22648.84442481893;0.0;-0.0;-1.0481329482300203;;773.5765854659718;False
16;B;DC;0;50.0;0;84615294.0;0.0;0.0;496479.2416574356;;;0.0;-0.0;;;1006.9523672877968;False
17;B;DC;50;100.0;1;998.0;2.0;340.8613569321534;5.8557532539462755;408.84196483774684;1960.7492540497647;0.0;-0.0;-1.6073170065324358;;1006.9523672877968;False
18;B;DC;100;150.0;2;1180.0;2.0;340.8613569321534;6.9236361118803655;443.8477508771472;2225.181580707409;0.0;-0.0;-1.8906001920917972;;1006.9523672877968;False
19;B;DC;150;200.0;3;1501.0;3.0;511.2920353982301;8.807099833841042;499.1697383942797;2676.454905843705;0.0;-0.0;-1.9827082622945948;;1006.9523672877968;False
20;B;DC;200;250.0;4;1620.0;9.0;1533.8761061946902;9.505330933259485;518.030989608431;2839.869758277153;0.0;-0.0;-0.1662523971208924;;1006.9523672877968;False
21;B;DC;250;300.0;5;1844.0;7.0;1193.014749262537;10.819648296870673;551.5828871674041;3142.878439197848;0.0;-0.0;-1.180212921543903;;1006.9523672877968;False
22;B;DC;300;400.0;6;4397.0;19.0;3238.182890855457;25.799345749099974;832.0771588200752;6356.391972601914;0.0;-0.0;-1.392679869722419;;1006.9523672877968;False
23;B;DC;400;500.0;7;5137.0;26.0;4431.1976401179945;30.14128703960122;893.11780795092;7240.131716736928;0.0;-0.0;-0.7902679283725489;;1006.9523672877968;False
24;B;DC;500;600.0;8;5411.0;29.0;4942.489675516224;31.748978814732762;914.2384276844128;7563.866975448833;0.0;-0.0;-0.5124596716749488;;1006.9523672877968;False
25;B;DC;600;700.0;9;5606.0;28.0;4772.058997050148;32.893139019662144;928.8318860624735;7793.231943763815;0.0;-0.0;-0.8978384737469716;;1006.9523672877968;False
26;B;DC;700;800.0;10;5667.0;31.0;5283.351032448378;33.25105580171697;933.325489326499;7864.813570804359;0.0;-0.0;-0.4110559198682861;;1006.9523672877968;False
27;B;DC;800;900.0;11;5417.0;29.0;4942.489675516224;31.784183744115204;914.6927575464697;7570.936840515061;0.0;-0.0;-0.5187647115044187;;1006.9523672877968;False
28;B;DC;900;1000.0;12;4561.0;39.0;6646.796460176991;26.761613818886737;846.1497301197412;6553.530345583495;39.0;12.238386181113263;2.465044171179755;;1006.9523672877968;False
29;B;DC;1000;1100.0;13;3805.0;38.0;6476.365781710914;22.325792716698974;778.319146118955;5637.801526712288;38.0;15.674207283301026;3.4322241654102057;;1006.9523672877968;False
30;B;DC;1100;1200.0;14;3098.0;27.0;4601.628318584071;18.177478537801164;706.8823987508225;4762.580842057998;0.0;0.0;2.1271265506698565;;1006.9523672877968;False
31;B;DC;1200;inf;15;6976.0;50.0;8521.533923303834;40.931597895319854;1022.4339056611082;9383.647855770061;0.0;0.0;1.5116223305451595;;1006.9523672877968;False
32;B;MacCD163;0;50.0;0;84615294.0;40.0;469.7235772357724;7205539.436444199;;;0.0;-0.0;;;0.0;False
33;B;MacCD163;50;100.0;1;998.0;67.0;786.7869918699187;84.98615342010524;107.31804794457523;1250.7146904934782;0.0;-0.0;-1.9681033356026287;;0.0;False
34;B;MacCD163;100;150.0;2;1180.0;88.0;1033.3918699186993;100.48463029631681;116.50681266936276;1454.3525778564813;0.0;-0.0;-1.258365298322624;;0.0;False
35;B;MacCD163;150;200.0;3;1501.0;138.0;1620.5463414634146;127.8198559955691;131.0284328046857;1809.5483800374648;0.0;0.0;0.9123694674850716;;0.0;False
36;B;MacCD163;200;250.0;4;1620.0;107.0;1256.510569105691;137.95347549155358;135.97937433266281;1940.2069563893215;0.0;-0.0;-2.6731218074666288;;0.0;False
37;B;MacCD163;250;300.0;5;1844.0;161.0;1890.6373983739838;157.02852395458322;144.78650388526228;2184.946161598967;0.0;0.0;0.32211150295432356;;0.0;False
38;B;MacCD163;300;400.0;6;4397.0;384.0;4509.346341463414;374.43298255330933;218.41421405769137;4911.326169382733;0.0;0.0;0.514372848617533;;0.0;False
39;B;MacCD163;400;500.0;7;5137.0;419.0;4920.354471544715;437.44876765438937;234.4369413542685;5689.056808796777;0.0;-0.0;-0.9241100280689203;;0.0;False
40;B;MacCD163;500;600.0;8;5411.0;446.0;5237.417886178861;460.78163943505956;239.98095071758732;5976.111953175359;0.0;-0.0;-0.7233162186502555;;0.0;False
41;B;MacCD163;600;700.0;9;5606.0;523.0;6141.635772357724;477.38715037385765;243.81162760643218;6180.132507899248;0.0;0.0;2.1969246406178904;;0.0;False
42;B;MacCD163;700;800.0;10;5667.0;438.0;5143.473170731707;482.58169482137913;244.99116584371652;6243.9101081842855;0.0;-0.0;-2.1369212537331186;;0.0;False
43;B;MacCD163;800;900.0;11;5417.0;383.0;4497.603252032521;461.2925782331764;240.10020900835065;5982.392784988984;0.0;-0.0;-3.8292209397264743;;0.0;False
44;B;MacCD163;900;1000.0;12;4561.0;418.0;4908.6113821138215;388.3986430351703;222.10816186962984;5084.024751735583;0.0;0.0;1.5650545175276265;;0.0;False
45;B;MacCD163;1000;1100.0;13;3805.0;338.0;3969.1642276422763;324.0203544724453;204.3031259585197;4286.097096269605;0.0;0.0;0.8035326276681986;;0.0;False
46;B;MacCD163;1100;1200.0;14;3098.0;301.0;3534.669918699187;263.81473276100803;185.55149834098717;3534.9403876788833;0.0;0.0;2.353362395903268;;0.0;False
47;B;MacCD163;1200;inf;15;6976.0;669.0;7856.126829268293;594.0515092772085;268.3814782845099;7607.990084779402;669.0;74.94849072279146;3.279387366423529;;0.0;False
48;B;Neutrophil;0;50.0;0;84615294.0;1.0;137.89021479713603;613642.484526447;;;0.0;-0.0;;;0.0;False
49;B;Neutrophil;50;100.0;1;998.0;9.0;1241.0119331742244;7.237641927443922;367.7462936801854;1863.9763438439388;0.0;0.0;0.6608140920804559;;0.0;False
50;B;Neutrophil;100;150.0;2;1180.0;6.0;827.3412887828163;8.557532539462752;399.23339427285555;2120.1227994794644;0.0;-0.0;-0.8833397112470998;;0.0;False
51;B;Neutrophil;150;200.0;3;1501.0;9.0;1241.0119331742244;10.885471476045417;448.9945675822561;2558.3014078527;0.0;-0.0;-0.5790450165705973;;0.0;False
52;B;Neutrophil;200;250.0;4;1620.0;14.0;1930.4630071599045;11.748476876211576;465.9599376389422;2717.251801333552;0.0;0.0;0.666286910271828;;0.0;False
53;B;Neutrophil;250;300.0;5;1844.0;20.0;2757.8042959427207;13.372957629465523;496.139290627196;3012.318746696357;0.0;0.0;1.8418301336052871;;0.0;False
54;B;Neutrophil;300;400.0;6;4397.0;35.0;4826.157517899761;31.88768692882858;748.4390486516182;6159.439274248724;0.0;0.0;0.5734034303433628;;0.0;False
55;B;Neutrophil;400;500.0;7;5137.0;26.0;3585.145584725537;37.25427513154251;803.3440594193102;7028.730694177126;0.0;-0.0;-1.9317431890841474;;0.0;False
56;B;Neutrophil;500;600.0;8;5411.0;22.0;3033.5847255369927;39.24136319579064;822.3416924785853;7347.466701313249;0.0;-0.0;-2.891030937878561;;0.0;False
57;B;Neutrophil;600;700.0;9;5606.0;32.0;4412.486873508353;40.65553170866796;835.4682565108212;7573.377397418741;0.0;-0.0;-1.4285559232090208;;0.0;False
58;B;Neutrophil;700;800.0;10;5667.0;27.0;3723.035799522673;41.09791262808086;839.5101751193241;7643.895388378427;0.0;-0.0;-2.3155933758647067;;0.0;False
59;B;Neutrophil;800;900.0;11;5417.0;44.0;6067.169451073985;39.28487607310994;822.7503543510179;7354.429026482094;0.0;0.0;0.7902390410841407;;0.0;False
60;B;Neutrophil;900;1000.0;12;4561.0;36.0;4964.047732696898;33.077038908889506;761.0970837436279;6353.246669014094;0.0;0.0;0.5295615254684939;;0.0;False
61;B;Neutrophil;1000;1100.0;13;3805.0;33.0;4550.377088305489;27.594416366657434;700.0846437061892;5453.573352217685;0.0;0.0;1.0646956693115361;;0.0;False
62;B;Neutrophil;1100;1200.0;14;3098.0;24.0;3309.365155131265;22.467148989199668;635.8285219364384;4595.261748658326;0.0;0.0;0.3324247778120191;;0.0;False
63;B;Neutrophil;1200;inf;15;6976.0;81.0;11169.10739856802;50.59097202990861;919.6616582376685;9141.637707464464;81.0;30.409027970091387;4.559402211682063;;0.0;False
64;B;T;0;50.0;0;84615294.0;32.0;592.1947469570788;4572295.552963168;;;0.0;-0.0;;;0.0;False
65;B;T;50;100.0;1;998.0;57.0;1054.8468930172967;53.92820548324564;134.7221070362222;1315.2463181577011;0.0;0.0;0.4219566800719089;;0.0;False
66;B;T;100;150.0;2;1180.0;69.0;1276.9199231262012;63.76280808640266;146.25725670110262;1524.4095198109935;0.0;0.0;0.6626674485237389;;0.0;False
67;B;T;150;200.0;3;1501.0;75.0;1387.9564381806533;81.10845333702575;164.48702606124527;1888.3373461165486;0.0;-0.0;-0.6872491072776519;;0.0;False
68;B;T;200;250.0;4;1620.0;95.0;1758.0781550288277;87.53877042370534;170.7022087563935;2021.9729829106132;0.0;0.0;0.8088832361031539;;0.0;False
69;B;T;250;300.0;5;1844.0;117.0;2165.2120435618194;99.64289670451399;181.75827130125043;2272.008020610358;0.0;0.0;1.7672485618518843;;0.0;False
70;B;T;300;400.0;6;4397.0;246.0;4552.497117232543;237.59751453890888;274.18708864057425;5042.661252419502;0.0;0.0;0.5671204942709058;;0.0;False
71;B;T;400;500.0;7;5137.0;294.0;5440.789237668161;277.58436028800884;294.3012784083241;5830.026549674156;0.0;0.0;1.0322389332154824;;0.0;False
72;B;T;500;600.0;8;5411.0;263.0;4867.100576553491;292.3903004707837;301.2609709964766;6120.41537328799;0.0;-0.0;-1.8054095147056741;;0.0;False
73;B;T;600;700.0;9;5606.0;335.0;6199.5387572069185;302.92737468845195;306.069825347859;6326.739359908261;0.0;0.0;1.9392266340935145;;0.0;False
74;B;T;700;800.0;10;5667.0;324.0;5995.971812940423;306.22358764885075;307.55056302153355;6391.226230663661;0.0;0.0;1.0696511484434816;;0.0;False
75;B;T;800;900.0;11;5417.0;290.0;5366.764894298527;292.7145181390197;301.4106823313443;6126.767916540305;0.0;-0.0;-0.1666666400570666;;0.0;False
76;B;T;900;1000.0;12;4561.0;254.0;4700.545803971813;246.45946413735808;278.82429964131114;5217.581049837076;0.0;0.0;0.5004793490069898;;0.0;False
77;B;T;1000;1100.0;13;3805.0;219.0;4052.832799487508;205.6080379396289;256.4726821851383;4408.9470130124155;0.0;0.0;0.9663126590168639;;0.0;False
78;B;T;1100;1200.0;14;3098.0;130.0;2405.7911595131327;167.40438936582663;232.93275734139448;3646.5147261318457;0.0;-0.0;-2.97171101388862;;0.0;False
79;B;T;1200;inf;15;6976.0;322.0;5958.959641255606;376.9570756023262;336.9136779552555;7769.3710822941375;0.0;-0.0;-3.0186971479367024;;0.0;False
80;B;Tumor;0;50.0;0;84615294.0;178.0;362.30854324467145;41570983.11046109;;;0.0;-0.0;;;1073.5845497256773;False
81;B;Tumor;50;100.0;1;998.0;344.0;700.1917914391404;490.31137496538355;44.679763599659665;1103.2128029317228;0.0;-0.0;-6.665393560030566;;1073.5845497256773;False
82;B;Tumor;100;150.0;2;1180.0;523.0;1064.5357759379954;579.7268762115757;48.50532550224318;1294.2213127834332;0.0;-0.0;-2.380444268055986;;1073.5845497256773;False
83;B;Tumor;150;200.0;3;1501.0;692.0;1408.5253478950149;737.43223829964;54.55111712030703;1629.45806407373;0.0;-0.0;-1.6951926374127504;;1073.5845497256773;False
84;B;Tumor;200;250.0;4;1620.0;841.0;1711.8060947683637;795.8962198836887;56.61234448422627;1753.3118835876533;0.0;0.0;1.6216621234251007;;1073.5845497256773;False
85;B;Tumor;250;300.0;5;1844.0;973.0;1980.4843403205919;905.9460675713099;60.27902007084284;1985.9462447576436;0.0;0.0;2.2642096729540198;;1073.5845497256773;False
86;B;Tumor;300;400.0;6;4397.0;1940.0;3948.7560331160826;2160.219554832456;90.93247256922736;4611.129609150244;0.0;-0.0;-4.929415798549489;;1073.5845497256773;False
87;B;Tumor;400;500.0;7;5137.0;1867.0;3800.1688215606837;2523.777087371919;97.60322070101041;5366.838020566319;0.0;-0.0;-13.696588789159465;;1073.5845497256773;False
88;B;Tumor;500;600.0;8;5411.0;2211.0;4500.360612999824;2658.3916332040985;99.91136022173028;5646.273273776438;0.0;-0.0;-9.114472918587246;;1073.5845497256773;False
89;B;Tumor;600;700.0;9;5606.0;2502.0;5092.674017967236;2754.193955967876;101.50618738359462;5845.028804745556;0.0;-0.0;-5.0570905603309795;;1073.5845497256773;False
90;B;Tumor;700;800.0;10;5667.0;2476.0;5039.752545358464;2784.162887704237;101.99726498524689;5907.1852041255925;0.0;-0.0;-6.149649745336432;;1073.5845497256773;False
91;B;Tumor;800;900.0;11;5417.0;2614.0;5320.6434384357935;2661.3393969814456;99.96101107115085;5652.390192591906;0.0;-0.0;-0.9639414460866268;;1073.5845497256773;False
92;B;Tumor;900;1000.0;12;4561.0;2408.0;4901.3425400739825;2240.7917647466074;92.47037526265063;4778.751093240024;2408.0;167.20823525339256;3.6805575743288776;;1073.5845497256773;False
93;B;Tumor;1000;1100.0;13;3805.0;2294.0;4669.302237097058;1869.373528800886;85.057597909463;4005.295336539386;2294.0;424.6264711991139;10.161376036236515;;1073.5845497256773;False
94;B;Tumor;1100;1200.0;14;3098.0;1935.0;3938.5788268451647;1522.028697036832;77.25072567215864;3279.911557305986;1935.0;412.971302963168;10.881177096153953;;1073.5845497256773;False
95;B;Tumor;1200;inf;15;6976.0;4587.0;9336.569032939933;3427.266685128773;111.7353626341769;7239.116671669762;4587.0;1159.7333148712269;21.126427455813324;;1073.5845497256773;False
96;B;Tumor_CD15;0;50.0;0;84615294.0;9.0;428.6760098928277;1776487.6700013846;;;0.0;-0.0;;;276.69976134256984;False
97;B;Tumor_CD15;50;100.0;1;998.0;25.0;1190.7666941467437;20.952887011908057;216.1349079478732;1506.958813666571;0.0;0.0;0.8918813530724737;;276.69976134256984;False
98;B;Tumor_CD15;100;150.0;2;1180.0;33.0;1571.8120362737016;24.773954583217947;234.64076838779005;1732.5367847810323;0.0;0.0;1.6698378502842057;;276.69976134256984;False
99;B;Tumor_CD15;150;200.0;3;1501.0;27.0;1286.028029678483;31.513310024923843;263.8868187149723;2122.405970329465;0.0;-0.0;-0.8146370150974118;;276.69976134256984;False
100;B;Tumor_CD15;200;250.0;4;1620.0;24.0;1143.1360263808738;34.011700360011076;273.8578469986519;2264.885947601444;0.0;-0.0;-1.7412828547559336;;276.69976134256984;False
101;B;Tumor_CD15;250;300.0;5;1844.0;64.0;3048.3627370156637;38.7145527554694;291.5951071482137;2530.6540033455613;64.0;25.2854472445306;4.130257015607272;;276.69976134256984;False
102;B;Tumor_CD15;300;400.0;6;4397.0;70.0;3334.146743610882;92.314473137635;439.87881771988975;5432.835457351312;0.0;-0.0;-2.416241049974659;;276.69976134256984;False
103;B;Tumor_CD15;400;500.0;7;5137.0;90.0;4286.760098928277;107.85068194405982;472.1480469469074;6248.823685172792;0.0;-0.0;-1.800790888725907;;276.69976134256984;False
104;B;Tumor_CD15;500;600.0;8;5411.0;73.0;3477.0387469084912;113.60327817779009;483.3134937319804;6549.116303074007;0.0;-0.0;-4.001463394200162;;276.69976134256984;False
105;B;Tumor_CD15;600;700.0;9;5606.0;114.0;5429.896125309151;117.69727914705068;491.02834703583585;6762.2833942784;0.0;-0.0;-0.3586429902752572;;276.69976134256984;False
106;B;Tumor_CD15;700;800.0;10;5667.0;117.0;5572.78812860676;118.97796662974245;493.40389703156546;6828.877387026317;0.0;-0.0;-0.19094269818305137;;276.69976134256984;False
107;B;Tumor_CD15;800;900.0;11;5417.0;96.0;4572.544105523495;113.72924743838271;483.5536758839094;6555.681888819829;0.0;-0.0;-1.746353996653807;;276.69976134256984;False
108;B;Tumor_CD15;900;1000.0;12;4561.0;106.0;5048.850783182193;95.757632927167;447.3183033011957;5614.35410712289;0.0;0.0;1.0906121649435498;;276.69976134256984;False
109;B;Tumor_CD15;1000;1100.0;13;3805.0;72.0;3429.408079142622;79.88550609249515;411.4595649867993;4773.91323135063;0.0;-0.0;-0.9128282650797732;;276.69976134256984;False
110;B;Tumor_CD15;1100;1200.0;14;3098.0;83.0;3953.3454245671887;65.04212821932983;373.6944230874488;3977.983118202601;0.0;0.0;2.288889990651608;;276.69976134256984;False
111;B;Tumor_CD15;1200;inf;15;6976.0;210.0;10002.440230832646;146.46026031570202;540.5111928041626;8248.80659137883;210.0;63.539739684297984;5.599218427155092;;276.69976134256984;False
112;B;other;0;50.0;0;84615294.0;217.0;483.2668542574105;37994575.12188452;;;0.0;-0.0;;;1147.7889411429824;False
113;B;other;50;100.0;1;998.0;376.0;837.3656092202135;448.1292232068679;46.735319717375454;1108.053267681406;0.0;-0.0;-3.437109059084176;;1147.7889411429824;False
114;B;other;100;150.0;2;1180.0;472.0;1051.161083914736;529.8521877596233;50.736882040261456;1299.4762268507784;0.0;-0.0;-2.53935423116907;;1147.7889411429824;False
115;B;other;150;200.0;3;1501.0;644.0;1434.2113094090892;673.9899439213515;57.06081890677153;1635.3679601475465;0.0;-0.0;-1.1704825109508705;;1147.7889411429824;False
116;B;other;200;250.0;4;1620.0;758.0;1688.0934356088349;727.4241899750762;59.21687596934074;1759.445086536715;0.0;0.0;1.1498991544925454;;1147.7889411429824;False
117;B;other;250;300.0;5;1844.0;851.0;1895.2078017191536;828.0063001938521;63.05224218514869;1992.4766837817342;0.0;0.0;0.8121487824141976;;1147.7889411429824;False
118;B;other;300;400.0;6;4397.0;2050.0;4565.4241992059515;1974.3729403212405;95.11595039519602;4620.980946592777;0.0;0.0;1.7707250835024828;;1147.7889411429824;False
119;B;other;400;500.0;7;5137.0;2182.0;4859.39297691092;2306.6531258654113;102.09359578934804;5377.412045834044;0.0;-0.0;-2.7191423805061454;;1147.7889411429824;False
120;B;other;500;600.0;8;5411.0;2477.0;5516.3686543576305;2429.686599972307;104.50792455392491;5657.0973556041645;0.0;0.0;1.0082360242764312;;1147.7889411429824;False
121;B;other;600;700.0;9;5606.0;2433.0;5418.379061789307;2517.2469191359733;106.17612400930994;5856.025665120815;0.0;-0.0;-1.7670727761190577;;1147.7889411429824;False
122;B;other;700;800.0;10;5667.0;2334.0;5197.902478510581;2544.6375830794796;106.68979433498363;5918.235266300248;0.0;-0.0;-4.396835933684066;;1147.7889411429824;False
123;B;other;800;900.0;11;5417.0;2206.0;4912.84184558455;2432.380763638881;104.5598596613418;5663.219653436151;0.0;-0.0;-4.821717971393267;;1147.7889411429824;False
124;B;other;900;1000.0;12;4561.0;2079.0;4630.008248853255;2048.013413874273;96.72460649094799;4788.769042212615;0.0;0.0;0.7134508100553859;;1147.7889411429824;False
125;B;other;1000;1100.0;13;3805.0;1786.0;3977.4866437960145;1708.5487918859042;88.97079376492043;4014.510208579949;0.0;0.0;1.9386883773540398;;1147.7889411429824;False
126;B;other;1100;1200.0;14;3098.0;1578.0;3514.2631152912154;1391.0865065078926;80.80475525871177;3288.2806574170345;1578.0;186.91349349210736;5.151468053562813;;1147.7889411429824;False
127;B;other;1200;inf;15;6976.0;3500.0;7794.626681571137;3132.4142896704516;116.87590702661912;7251.221728647456;3500.0;367.5857103295484;7.004238105161317;;1147.7889411429824;False
128;BnT;B;0;50.0;0;84614813.0;0.0;0.0;65903.94947729161;;;0.0;-0.0;;;1141.6145327092402;False
129;BnT;B;50;100.0;1;83.0;0.0;0.0;0.06464621988368872;326.2078069779038;851.1606827171546;0.0;-0.0;-0.2544390361743309;;1141.6145327092402;False
130;BnT;B;100;150.0;2;68.0;0.0;0.0;0.052963168097479925;295.3018794386517;763.3827850374498;0.0;-0.0;-0.23027283175191182;;1141.6145327092402;False
131;BnT;B;150;200.0;3;60.0;0.0;0.0;0.046732207144835225;277.40704148717396;713.2436619267294;0.0;-0.0;-0.21628866981292588;;1141.6145327092402;False
132;BnT;B;200;250.0;4;87.0;0.0;0.0;0.06776170036001107;333.9641697348185;873.4255212136688;0.0;-0.0;-0.2605069881271444;;1141.6145327092402;False
133;BnT;B;250;300.0;5;97.0;0.0;0.0;0.07555040155081695;352.605004061044;927.3213315411657;0.0;-0.0;-0.27509535849697436;;1141.6145327092402;False
134;BnT;B;300;400.0;6;244.0;0.0;0.0;0.19004430905566325;558.5259966097271;1559.2282124874735;0.0;-0.0;-0.43686417728286375;;1141.6145327092402;False
135;BnT;B;400;500.0;7;313.0;1.0;1283.911111111111;0.24378634727222376;632.2081056811031;1801.7363198889063;0.0;0.0;1.5357460658703666;;1141.6145327092402;False
136;BnT;B;500;600.0;8;390.0;0.0;0.0;0.303759346441429;705.2271501674713;2050.6830295144127;0.0;-0.0;-0.5530133091265504;;1141.6145327092402;False
137;BnT;B;600;700.0;9;403.0;0.0;0.0;0.3138846579894766;716.8033823084884;2090.9429730060115;0.0;-0.0;-0.5622183292468926;;1141.6145327092402;False
138;BnT;B;700;800.0;10;493.0;0.0;0.0;0.38398296870672943;792.1913208871256;2358.4680019245484;0.0;-0.0;-0.622324414571874;;1141.6145327092402;False
139;BnT;B;800;900.0;11;502.0;0.0;0.0;0.39099279977845475;799.3267722833314;2384.270705902678;0.0;-0.0;-0.6280285077478424;;1141.6145327092402;False
140;BnT;B;900;1000.0;12;501.0;0.0;0.0;0.3902139296593741;798.5372043096468;2381.411415411331;0.0;-0.0;-0.6273971923864533;;1141.6145327092402;False
141;BnT;B;1000;1100.0;13;481.0;1.0;1283.911111111111;0.37463652727776237;782.5726093397908;2323.8176671655137;0.0;0.0;1.0259892839700568;;1141.6145327092402;False
142;BnT;B;1100;1200.0;14;526.0;3.0;3851.733333333333;0.4096856826363888;818.0396621734724;2452.3361941164385;3.0;2.590314317363611;4.065491549024774;;1141.6145327092402;False
143;BnT;B;1200;inf;15;53451.0;40.0;51356.444444444445;41.63138673497646;2266.5469331121294;58788.310151095866;0.0;-0.0;-0.9241174426860783;;1141.6145327092402;False
144;BnT;DC;0;50.0;0;84614813.0;0.0;0.0;496476.4193955968;;;0.0;-0.0;;;850.3249852061517;False
145;BnT;DC;50;100.0;1;83.0;0.0;0.0;0.4870015231237884;118.8504302842908;362.87137559400134;0.0;-0.0;-0.6983567480695156;;850.3249852061517;False
146;BnT;DC;100;150.0;2;68.0;0.0;0.0;0.3989891996676821;107.59017621371906;321.35550359647766;0.0;-0.0;-0.6320279638256524;;850.3249852061517;False
147;BnT;DC;150;200.0;3;60.0;0.0;0.0;0.35204929382442535;101.07037765308911;298.0025512563424;0.0;-0.0;-0.5936457485688059;;850.3249852061517;False
148;BnT;DC;200;250.0;4;87.0;0.0;0.0;0.5104714760454168;121.67638058768989;373.5259800147068;0.0;-0.0;-0.7150114063205614;;850.3249852061517;False
149;BnT;DC;250;300.0;5;97.0;1.0;170.4306784660767;0.5691463583494877;128.46797518824508;399.51896311781815;0.0;0.0;0.5715874198100981;;850.3249852061517;False
150;BnT;DC;300;400.0;6;244.0;1.0;170.4306784660767;1.4316671282193298;203.49315253060402;723.1897546056068;0.0;-0.0;-0.36153217255238584;;850.3249852061517;False
151;BnT;DC;400;500.0;7;313.0;0.0;0.0;1.836523816117419;230.33846456809388;855.4056335065985;0.0;-0.0;-1.3588698725890365;;850.3249852061517;False
152;BnT;DC;500;600.0;8;390.0;0.0;0.0;2.288320409858765;256.94219590288833;995.0526333263905;0.0;-0.0;-1.5178511206754108;;850.3249852061517;False
153;BnT;DC;600;700.0;9;403.0;5.0;852.1533923303834;2.364597756854057;261.1598759877917;1017.9845109338487;0.0;0.0;1.719840732162776;;850.3249852061517;False
154;BnT;DC;700;800.0;10;493.0;2.0;340.8613569321534;2.892671697590695;288.62668930941044;1172.6639135167197;0.0;-0.0;-0.5271121788212475;;850.3249852061517;False
155;BnT;DC;800;900.0;11;502.0;7.0;1193.014749262537;2.945479091664359;291.22641700007586;1187.7858043943206;7.0;4.0545209083356415;2.3727749576452637;;850.3249852061517;False
156;BnT;DC;900;1000.0;12;501.0;2.0;340.8613569321534;2.939611603433952;290.9387461001042;1186.1083911926953;0.0;-0.0;-0.5504204758370245;;850.3249852061517;False
157;BnT;DC;1000;1100.0;13;481.0;2.0;340.8613569321534;2.82226183882581;285.1222115448465;1152.4114990293592;0.0;-0.0;-0.49150377414845625;;850.3249852061517;False
158;BnT;DC;1100;1200.0;14;526.0;4.0;681.7227138643068;3.0862988091941292;298.0442642978153;1227.8406078749977;0.0;0.0;0.5224818341369043;;850.3249852061517;False
159;BnT;DC;1200;inf;15;53451.0;315.0;53685.66371681416;313.62311340348936;825.7928611689025;55395.593582523994;0.0;0.0;0.2841677711793199;;850.3249852061517;False
160;BnT;MacCD163;0;50.0;0;84614813.0;4.0;46.97235772357723;7205498.476183883;;;0.0;-0.0;;;943.7441373924706;False
161;BnT;MacCD163;50;100.0;1;83.0;6.0;70.45853658536585;7.067986707283301;31.197375202285773;156.464204478694;0.0;-0.0;-0.40200380106706096;;943.7441373924706;False
162;BnT;MacCD163;100;150.0;2;68.0;6.0;70.45853658536585;5.790639711991139;28.241640248088267;134.50398056075107;0.0;0.0;0.08705360466916479;;943.7441373924706;False
163;BnT;MacCD163;150;200.0;3;60.0;13.0;152.660162601626;5.109387981168651;26.530240453802627;122.47394202010541;13.0;7.890612018831349;3.492624304064491;;943.7441373924706;False
164;BnT;MacCD163;200;250.0;4;87.0;4.0;46.97235772357723;7.408612572694545;31.939166643067857;162.21098983268004;0.0;-0.0;-1.2532462954887538;;943.7441373924706;False
165;BnT;MacCD163;250;300.0;5;97.0;6.0;70.45853658536585;8.260177236222653;33.721910924838824;176.40903180255862;0.0;-0.0;-0.7870687836697976;;943.7441373924706;False
166;BnT;MacCD163;300;400.0;6;244.0;25.0;293.5772357723577;20.77817779008585;53.41547536182826;369.78383209688997;0.0;0.0;0.9281436781481228;;943.7441373924706;False
167;BnT;MacCD163;400;500.0;7;313.0;33.0;387.5219512195122;26.6539739684298;60.46217489882361;455.377541417917;0.0;0.0;1.2325383819589018;;943.7441373924706;False
168;BnT;MacCD163;500;600.0;8;390.0;35.0;411.0081300813008;33.21102187759623;67.44546125502026;548.8219241096799;0.0;0.0;0.3114832294180074;;943.7441373924706;False
169;BnT;MacCD163;600;700.0;9;403.0;41.0;481.46666666666664;34.318055940182774;68.55257166073942;564.4289698851298;0.0;0.0;1.1446203222687428;;943.7441373924706;False
170;BnT;MacCD163;700;800.0;10;493.0;48.0;563.6682926829268;41.98213791193575;75.76241077327768;671.4068435487831;0.0;0.0;0.9327619324892491;;943.7441373924706;False
171;BnT;MacCD163;800;900.0;11;502.0;68.0;798.530081300813;42.74854610911105;76.4448204203901;682.0137954647258;68.0;25.251453890888953;3.8790081482318404;;943.7441373924706;False
172;BnT;MacCD163;900;1000.0;12;501.0;65.0;763.30081300813;42.66338964275824;76.36930889737981;680.8359794167104;65.0;22.33661035724176;3.4346364631974486;;943.7441373924706;False
173;BnT;MacCD163;1000;1100.0;13;481.0;73.0;857.2455284552846;40.96026031570202;74.84251079943957;657.2406446509656;73.0;32.03973968429798;5.027163365263555;;943.7441373924706;False
174;BnT;MacCD163;1100;1200.0;14;526.0;68.0;798.530081300813;44.79230130157851;78.23445584460094;710.228064834955;68.0;23.20769869842149;3.4835045295406193;;943.7441373924706;False
175;BnT;MacCD163;1200;inf;15;53451.0;4425.0;51963.170731707316;4551.698283024093;216.76463154261324;53961.441699410294;0.0;-0.0;-6.863800877959166;;943.7441373924706;False
176;BnT;Neutrophil;0;50.0;0;84614813.0;0.0;0.0;613638.9962441152;;;0.0;-0.0;;;0.0;False
177;BnT;Neutrophil;50;100.0;1;83.0;0.0;0.0;0.6019281362503461;106.90391153141213;334.73947376638455;0.0;-0.0;-0.7763981580375726;;0.0;False
178;BnT;Neutrophil;100;150.0;2;68.0;0.0;0.0;0.49314594295209085;96.77550726646994;295.88890437912175;0.0;-0.0;-0.7026571280351236;;0.0;False
179;BnT;Neutrophil;150;200.0;3;60.0;0.0;0.0;0.43512877319302135;90.91106094632619;274.07918863143925;0.0;-0.0;-0.6599856978396056;;0.0;False
180;BnT;Neutrophil;200;250.0;4;87.0;0.0;0.0;0.630936721129881;109.4458050736072;344.72517563188023;0.0;-0.0;-0.7949139753825065;;0.0;False
181;BnT;Neutrophil;250;300.0;5;97.0;0.0;0.0;0.7034581833287178;115.5547272424059;369.11058800850134;0.0;-0.0;-0.8394290940302029;;0.0;False
182;BnT;Neutrophil;300;400.0;6;244.0;0.0;0.0;1.76952367765162;183.0385798633094;675.0229168761193;0.0;-0.0;-1.3330523006800847;;0.0;False
183;BnT;Neutrophil;400;500.0;7;313.0;1.0;137.89021479713603;2.2699217668235945;207.18547488274038;800.8845092931333;0.0;-0.0;-0.8451836949572352;;0.0;False
184;BnT;Neutrophil;500;600.0;8;390.0;1.0;137.89021479713603;2.8283370257546387;231.11507222805378;934.2344047913967;0.0;-0.0;-1.0908409511002968;;0.0;False
185;BnT;Neutrophil;600;700.0;9;403.0;0.0;0.0;2.9226149266131265;234.90880269739904;956.1679573460556;0.0;-0.0;-1.7155593803742208;;0.0;False
186;BnT;Neutrophil;700;800.0;10;493.0;1.0;137.89021479713603;3.5753080864026585;259.61472739923204;1104.3459640649571;0.0;-0.0;-1.367833746414474;;0.0;False
187;BnT;Neutrophil;800;900.0;11;502.0;1.0;137.89021479713603;3.6405774023816115;261.95313760425927;1118.8524992892603;0.0;-0.0;-1.3899806222322708;;0.0;False
188;BnT;Neutrophil;900;1000.0;12;501.0;0.0;0.0;3.633325256161728;261.6943825928792;1117.2431778017103;0.0;-0.0;-1.9144469019016397;;0.0;False
189;BnT;Neutrophil;1000;1100.0;13;481.0;4.0;551.5608591885441;3.4882823317640543;256.46251011225553;1084.9230596112918;0.0;0.0;0.2751312819860458;;0.0;False
190;BnT;Neutrophil;1100;1200.0;14;526.0;5.0;689.4510739856802;3.8146289116588203;268.0856736212412;1157.2935180289237;0.0;0.0;0.6096971605301383;;0.0;False
191;BnT;Neutrophil;1200;inf;15;53451.0;406.0;55983.42720763723;387.6344675990031;742.7864313364681;55200.12837768812;406.0;18.365532400996926;3.4093611579316634;;0.0;False
192;BnT;T;0;50.0;0;84614813.0;3.0;55.51825752722614;4572269.561513431;;;0.0;-0.0;;;1002.3880727605749;False
193;BnT;T;50;100.0;1;83.0;5.0;92.53042921204356;4.485011077263916;39.16373994635245;175.22355986405006;0.0;0.0;0.24334829168763242;;1002.3880727605749;False
194;BnT;T;100;150.0;2;68.0;8.0;148.0486867392697;3.6744669066740516;35.45324717745906;151.48601711491753;0.0;0.0;2.2578661508377746;;1002.3880727605749;False
195;BnT;T;150;200.0;3;60.0;6.0;111.03651505445228;3.242176682359457;33.304835137886805;138.42689337914695;0.0;0.0;1.5324055754413368;;1002.3880727605749;False
196;BnT;T;200;250.0;4;87.0;9.0;166.5547725816784;4.701156189421213;40.09495056560644;181.41639329641504;0.0;0.0;1.9841593881380344;;1002.3880727605749;False
197;BnT;T;250;300.0;5;97.0;12.0;222.07303010890456;5.2415189698144555;42.33292517050235;196.68642075629415;12.0;6.7584810301855445;2.9545095125166463;;1002.3880727605749;False
198;BnT;T;300;400.0;6;244.0;13.0;240.57911595131327;13.184851841595126;67.05531387230825;401.90319723235336;0.0;-0.0;-0.05101585319846588;;1002.3880727605749;False
199;BnT;T;400;500.0;7;313.0;22.0;407.13388853299165;16.9133550263085;75.90141410854696;491.7341713890013;0.0;0.0;1.2402125788904321;;1002.3880727605749;False
200;BnT;T;500;600.0;8;390.0;23.0;425.63997437540036;21.074148435336472;84.66790837454401;589.3776878112201;0.0;0.0;0.42093840582125164;;1002.3880727605749;False
201;BnT;T;600;700.0;9;403.0;25.0;462.65214606021783;21.776620049847686;86.05772350291126;605.6504523343865;0.0;0.0;0.6931643509975005;;1002.3880727605749;False
202;BnT;T;700;800.0;10;493.0;22.0;407.13388853299165;26.639885073386875;95.10862160660174;716.9636886144895;0.0;-0.0;-0.9028215320181673;;1002.3880727605749;False
203;BnT;T;800;900.0;11;502.0;31.0;573.6886611146701;27.126211575740793;95.96528707230524;727.9809816250138;0.0;0.0;0.7470270063450773;;1002.3880727605749;False
204;BnT;T;900;1000.0;12;501.0;43.0;795.7616912235746;27.072175297701467;95.87049340357662;726.7577595937496;43.0;15.927824702298533;3.0745819778223655;;1002.3880727605749;False
205;BnT;T;1000;1100.0;13;481.0;53.0;980.8225496476617;25.991449736914984;93.95382178390985;702.2443428440164;53.0;27.008550263085016;5.31987459538617;;1002.3880727605749;False
206;BnT;T;1100;1200.0;14;526.0;61.0;1128.8712363869315;28.423082248684576;98.21191249826217;757.2713802117333;61.0;32.57691775131542;6.138473643893241;;1002.3880727605749;False
207;BnT;T;1200;inf;15;53451.0;2786.0;51557.95515695067;2888.2930974799224;272.116279150299;54091.78486872236;0.0;-0.0;-6.956749698917257;;1002.3880727605749;False
208;BnT;Tumor;0;50.0;0;84614813.0;19.0;38.673383829487406;41570746.79806494;;;0.0;-0.0;;;827.7873516917917;False
209;BnT;Tumor;50;100.0;1;83.0;37.0;75.31132640479126;40.77739891996677;12.988415049143391;113.58538011090451;0.0;-0.0;-0.5919639591218501;;827.7873516917917;False
210;BnT;Tumor;100;150.0;2;68.0;45.0;91.59485643825964;33.40798947659928;11.757852794740487;95.68762744757807;0.0;0.0;2.0067317434705485;;827.7873516917917;False
211;BnT;Tumor;150;200.0;3;60.0;59.0;120.09103399682931;29.477637773469954;11.045345069360698;86.00979997361434;59.0;29.522362226530046;5.440394448473973;;827.7873516917917;False
212;BnT;Tumor;200;250.0;4;87.0;64.0;130.26824026774705;42.74257477153143;13.297245360998405;118.31261991977385;64.0;21.25742522846857;3.253925086969916;;827.7873516917917;False
213;BnT;Tumor;250;300.0;5;97.0;61.0;124.1619165051964;47.65551440044309;14.039455963909377;130.0603923251431;0.0;0.0;1.9346844047960523;;827.7873516917917;False
214;BnT;Tumor;300;400.0;6;244.0;110.0;223.89853796019025;119.87572694544447;22.238485114474823;296.3676305186877;0.0;-0.0;-0.903904287379984;;827.7873516917917;False
215;BnT;Tumor;400;500.0;7;313.0;172.0;350.0958957195702;153.77501038493492;25.172240205076047;372.276095813247;0.0;0.0;1.473682732142756;;827.7873516917917;False
216;BnT;Tumor;500;600.0;8;390.0;56.0;113.98471023427867;191.60464552755468;28.079594462066765;456.12239189561484;0.0;-0.0;-9.82974629988319;;827.7873516917917;False
217;BnT;Tumor;600;700.0;9;403.0;65.0;132.3036815219306;197.99146704513984;28.54051815713623;470.20778425199416;0.0;-0.0;-9.484632233643765;;827.7873516917917;False
218;BnT;Tumor;700;800.0;10;493.0;134.0;272.7491280605954;242.20792370534477;31.542193209091675;567.2761888330082;0.0;-0.0;-6.982738025836447;;827.7873516917917;False
219;BnT;Tumor;800;900.0;11;502.0;201.0;409.1236920908931;246.62956937136528;31.826301076268464;576.945211733587;0.0;-0.0;-2.918225014164806;;827.7873516917917;False
220;BnT;Tumor;900;1000.0;12;501.0;230.0;468.151488462216;246.1382754084741;31.79486333525688;575.8711815108825;0.0;-0.0;-1.0331389442192935;;827.7873516917917;False
221;BnT;Tumor;1000;1100.0;13;481.0;308.0;626.9159062885327;236.31239615065078;31.15921090412423;554.3743344243786;308.0;71.68760384934922;4.682914042255778;;827.7873516917917;False
222;BnT;Tumor;1100;1200.0;14;526.0;308.0;626.9159062885327;258.42062448075325;32.5713806711248;602.6997400986983;308.0;49.57937551924675;3.0982999249398335;;827.7873516917917;False
223;BnT;Tumor;1200;inf;15;53451.0;26516.0;53971.76029593095;26260.15361049571;90.24570125514339;53663.512386293485;26516.0;255.84638950429144;5.7704720411962205;;827.7873516917917;False
224;BnT;Tumor_CD15;0;50.0;0;84614813.0;0.0;0.0;1776477.5714656606;;;0.0;-0.0;;;1145.9912617106881;False
225;BnT;Tumor_CD15;50;100.0;1;83.0;0.0;0.0;1.7425747715314317;62.83045533071624;230.95441565119228;0.0;-0.0;-1.3210154146284432;;1145.9912617106881;False
226;BnT;Tumor_CD15;100;150.0;2;68.0;0.0;0.0;1.4276516200498477;56.87770540207684;201.93676079617566;0.0;-0.0;-1.1955475263866224;;1145.9912617106881;False
227;BnT;Tumor_CD15;150;200.0;3;60.0;0.0;0.0;1.2596926059263363;53.431004273195256;185.8203998886545;0.0;-0.0;-1.1229435197065951;;1145.9912617106881;False
228;BnT;Tumor_CD15;200;250.0;4;87.0;0.0;0.0;1.8265542785931874;64.32439812822926;238.47238209690553;0.0;-0.0;-1.352519456560906;;1145.9912617106881;False
229;BnT;Tumor_CD15;250;300.0;5;97.0;0.0;0.0;2.036503046247577;67.9147846346458;256.92709621162385;0.0;-0.0;-1.428260437279172;;1145.9912617106881;False
230;BnT;Tumor_CD15;300;400.0;6;244.0;0.0;0.0;5.1227499307671005;107.57695533451249;497.32437080510914;0.0;-0.0;-2.2681437603553434;;1145.9912617106881;False
231;BnT;Tumor_CD15;400;500.0;7;313.0;1.0;47.630667765869745;6.571396427582387;121.768769152738;599.7435384596138;0.0;-0.0;-2.1792889431383675;;1145.9912617106881;False
232;BnT;Tumor_CD15;500;600.0;8;390.0;0.0;0.0;8.188001938521186;135.8328709760371;709.8619673484748;0.0;-0.0;-2.871175417243457;;1145.9912617106881;False
233;BnT;Tumor_CD15;600;700.0;9;403.0;3.0;142.89200329760922;8.460935336471891;138.0625537760059;728.112469099902;0.0;-0.0;-1.8839865668745535;;1145.9912617106881;False
234;BnT;Tumor_CD15;700;800.0;10;493.0;0.0;0.0;10.350474245361395;152.5829251650962;852.3053307082258;0.0;-0.0;-3.2310299430068548;;1145.9912617106881;False
235;BnT;Tumor_CD15;800;900.0;11;502.0;5.0;238.1533388293487;10.539428136250347;153.9572750446016;864.5416773533709;0.0;-0.0;-1.7137654657385601;;1145.9912617106881;False
236;BnT;Tumor_CD15;900;1000.0;12;501.0;9.0;428.6760098928277;10.518433259484906;153.80519739888015;863.183561864825;0.0;-0.0;-0.47023111917087185;;1145.9912617106881;False
237;BnT;Tumor_CD15;1000;1100.0;13;481.0;15.0;714.4600164880462;10.098535724176129;150.73027782408758;835.9426796132454;0.0;0.0;1.5488594584859046;;1145.9912617106881;False
238;BnT;Tumor_CD15;1100;1200.0;14;526.0;21.0;1000.2440230832647;11.04330517862088;157.5615400781198;897.0290729019039;21.0;9.95669482137912;3.0098971033675608;;1145.9912617106881;False
239;BnT;Tumor_CD15;1200;inf;15;53451.0;1159.0;55203.94394064303;1122.1971579894766;436.5566144942686;54479.01226660195;1159.0;36.802842010523364;4.015387426150305;;1145.9912617106881;False
240;BnT;other;0;50.0;0;84614813.0;21.0;46.76776008942682;37994359.139763914;;;0.0;-0.0;;;870.8712423090641;False
241;BnT;other;50;100.0;1;83.0;31.0;69.03812203677292;37.269264054278594;13.585965570066511;114.99250405549294;0.0;-0.0;-1.0276691701610672;;870.8712423090641;False
242;BnT;other;100;150.0;2;68.0;38.0;84.6273753999152;30.533854887842704;12.298789547673858;96.96143615647952;0.0;0.0;1.3519521848440792;;870.8712423090641;False
243;BnT;other;150;200.0;3;60.0;54.0;120.25995451566897;26.941636665743562;11.553501890266062;87.20641784150149;54.0;27.058363334256438;5.215730701220429;;870.8712423090641;False
244;BnT;other;200;250.0;4;87.0;53.0;118.03291832093436;39.06537316532816;13.909004059980786;119.75320156685962;0.0;0.0;2.231138777953396;;870.8712423090641;False
245;BnT;other;250;300.0;5;97.0;68.0;151.43846124195352;43.55564594295209;14.685361118077095;131.58138272936606;68.0;24.44435405704791;3.7069882588683463;;870.8712423090641;False
246;BnT;other;300;400.0;6;244.0;135.0;300.6498862891724;109.56265577402381;23.261598274503683;298.7768778962586;135.0;25.43734422597619;2.4353393786902675;;870.8712423090641;False
247;BnT;other;400;500.0;7;313.0;158.0;351.87171876806843;140.5455379396289;26.33032494370142;375.0031769696065;0.0;0.0;1.4763098765846066;;870.8712423090641;False
248;BnT;other;500;600.0;8;390.0;205.0;456.54241992059514;175.12063832733315;29.37143617136174;459.1644466476697;0.0;0.0;2.265548730146077;;870.8712423090641;False
249;BnT;other;600;700.0;9;403.0;213.0;474.358709478472;180.95799293824425;29.853565317061822;473.2997740242579;213.0;32.042007061755754;2.390291032933654;;870.8712423090641;False
250;BnT;other;700;800.0;10;493.0;247.0;550.0779400994488;221.3704479368596;32.99333670210728;570.6933706185775;0.0;0.0;1.7299838635539784;;870.8712423090641;False
251;BnT;other;800;900.0;11;502.0;272.0;605.7538449678141;225.41169343672112;33.29051535608812;580.393172869927;272.0;46.58830656327888;3.1166187683796167;;870.8712423090641;False
252;BnT;other;900;1000.0;12;501.0;324.0;721.5597270940139;224.96266615895874;33.25763127705554;579.3157367814587;324.0;99.03733384104126;6.631853160455782;;870.8712423090641;False
253;BnT;other;1000;1100.0;13;481.0;331.0;737.1489804571561;215.98212060371088;32.592734751095904;557.7500251142575;331.0;115.01787939628912;7.859082167032433;;870.8712423090641;False
254;BnT;other;1100;1200.0;14;526.0;329.0;732.6949080676868;236.18834810301854;34.06987339818772;606.2284208097192;329.0;92.81165189698146;6.066794133690017;;870.8712423090641;False
255;BnT;other;1200;inf;15;53451.0;23464.0;52255.1772732529;24000.957023677653;94.39758318931669;53673.28932109668;0.0;-0.0;-12.667937952911878;;870.8712423090641;False
256;DC;B;0;50.0;0;84617878.0;0.0;0.0;65906.3367142066;;;0.0;-0.0;;;887.0406968248639;False
257;DC;B;50;100.0;1;4630.0;4.0;5135.644444444444;3.6061686513431184;2338.403919105698;10136.520422089028;0.0;0.0;0.21623486015958415;;887.0406968248639;False
258;DC;B;100;150.0;2;5618.0;1.0;1283.911111111111;4.375692328994738;2551.7908482736852;11627.008240241405;0.0;-0.0;-1.6984498913070984;;887.0406968248639;False
259;DC;B;150;200.0;3;6014.0;5.0;6419.555555555556;4.684124896150651;2630.1527965753876;12207.536526869932;0.0;0.0;0.15419467495714037;;887.0406968248639;False
260;DC;B;200;250.0;4;5921.0;7.0;8987.377777777778;4.611689975076156;2612.080715955513;12071.980029170834;0.0;0.0;1.173921525107267;;887.0406968248639;False
261;DC;B;250;300.0;5;5670.0;1.0;1283.911111111111;4.416193575186929;2562.2950649759287;11703.743780289195;0.0;-0.0;-1.7117813435472133;;887.0406968248639;False
262;DC;B;300;400.0;6;9779.0;5.0;6419.555555555556;7.616570894489061;3229.594618524127;17384.114145024694;0.0;-0.0;-1.04020623058248;;887.0406968248639;False
263;DC;B;400;500.0;7;6961.0;5.0;6419.555555555556;5.421714898919967;2803.6611580019594;13563.117494337697;0.0;-0.0;-0.19312049992171912;;887.0406968248639;False
264;DC;B;500;600.0;8;4000.0;3.0;3851.733333333333;3.1154804763223485;2186.3414392287605;9148.440646377701;0.0;-0.0;-0.06781496430812219;;887.0406968248639;False
265;DC;B;600;700.0;9;2400.0;1.0;1283.911111111111;1.869288285793409;1718.5420177192836;6446.857191553302;0.0;-0.0;-0.6494393953603043;;887.0406968248639;False
266;DC;B;700;800.0;10;1626.0;3.0;3851.733333333333;1.2664428136250345;1424.3899278872575;4980.181954129102;0.0;0.0;1.5625871046664008;;887.0406968248639;False
267;DC;B;800;900.0;11;1116.0;4.0;5135.644444444444;0.8692190528939352;1185.3978235174889;3907.3985561550426;4.0;3.130780947106065;3.3909666144963526;;887.0406968248639;False
268;DC;B;900;1000.0;12;548.0;3.0;3851.733333333333;0.4268208252561617;834.8112760778131;2513.8303267259;3.0;2.573179174743838;3.9574613185092997;;887.0406968248639;False
269;DC;B;1000;1100.0;13;179.0;0.0;0.0;0.13941775131542508;478.65234426112096;1306.1401348671423;0.0;-0.0;-0.3739666213821978;;887.0406968248639;False
270;DC;B;1100;1200.0;14;107.0;0.0;0.0;0.08333910274162282;370.30266899749273;978.9961476837566;0.0;-0.0;-0.2889528187568221;;887.0406968248639;False
271;DC;B;1200;inf;15;65.0;3.0;3851.733333333333;0.05062655774023816;288.7218961792356;744.8881085622087;3.0;2.9493734422597617;13.115504516438087;;887.0406968248639;False
272;DC;BnT;0;50.0;0;84617878.0;0.0;0.0;11716.682082525616;;;0.0;-0.0;;;0.0;False
273;DC;BnT;50;100.0;1;4630.0;0.0;0.0;0.6410966491276655;5546.0118553786015;17689.859887024817;0.0;-0.0;-0.834834133199654;;0.0;False
274;DC;BnT;100;150.0;2;5618.0;0.0;0.0;0.7779008584879534;6052.1033946884945;19869.614388412323;0.0;-0.0;-0.9282723102401924;;0.0;False
275;DC;BnT;150;200.0;3;6014.0;0.0;0.0;0.8327333148712268;6237.955073579802;20703.261647268228;0.0;-0.0;-0.964097998312245;;0.0;False
276;DC;BnT;200;250.0;4;5921.0;0.0;0.0;0.8198559955690944;6195.093370967059;20509.330050791585;0.0;-0.0;-0.9557563777405549;;0.0;False
277;DC;BnT;250;300.0;5;5670.0;0.0;0.0;0.7851010800332318;6077.016332049799;19980.27987269132;0.0;-0.0;-0.9330236567074502;;0.0;False
278;DC;BnT;300;400.0;6;9779.0;0.0;0.0;1.3540570479091665;7659.656185169149;27816.111922881602;0.0;-0.0;-1.2766891572671875;;0.0;False
279;DC;BnT;400;500.0;7;6961.0;0.0;0.0;0.9638604264746607;6649.466284973554;22619.296496613206;0.0;-0.0;-1.0468509353495707;;0.0;False
280;DC;BnT;500;600.0;8;4000.0;1.0;7222.0;0.5538631957906397;5185.364018080119;16210.599130557292;0.0;0.0;0.6213642839279286;;0.0;False
281;DC;BnT;600;700.0;9;2400.0;0.0;0.0;0.33231791747438383;4075.8802730207863;11997.964568055566;0.0;-0.0;-0.5888298574141558;;0.0;False
282;DC;BnT;700;800.0;10;1626.0;0.0;0.0;0.22514538908889503;3378.2373362450426;9581.140996261785;0.0;-0.0;-0.48131609421122595;;0.0;False
283;DC;BnT;800;900.0;11;1116.0;0.0;0.0;0.15452783162558847;2811.4177917911807;7736.38297106652;0.0;-0.0;-0.3969527415165805;;0.0;False
284;DC;BnT;900;1000.0;12;548.0;0.0;0.0;0.07587925782331764;1979.9287865981444;5210.375994415115;0.0;-0.0;-0.27677763145287543;;0.0;False
285;DC;BnT;1000;1100.0;13;179.0;0.0;0.0;0.024785378011631127;1135.2237114331253;2852.2475512771534;0.0;-0.0;-0.1576781723260761;;0.0;False
286;DC;BnT;1100;1200.0;14;107.0;0.0;0.0;0.014815840487399612;878.2498932536229;2175.1204531799226;0.0;-0.0;-0.12183320581298415;;0.0;False
287;DC;BnT;1200;inf;15;65.0;7.0;50554.0;0.009000276931597896;684.7641017167882;1677.4962328403049;7.0;6.990999723068402;73.73196093869092;;0.0;False
288;DC;MacCD163;0;50.0;0;84617878.0;163.0;1914.1235772357722;7205759.480753254;;;0.0;-0.0;;;836.6326546598672;False
289;DC;MacCD163;50;100.0;1;4630.0;344.0;4039.622764227642;394.27443921351426;223.63678268367593;5156.6243786697505;0.0;-0.0;-2.639893262135771;;836.6326546598672;False
290;DC;MacCD163;100;150.0;2;5618.0;411.0;4826.409756097561;478.4090279700914;244.04436322011662;6192.680558387545;0.0;-0.0;-3.2436325652334856;;836.6326546598672;False
291;DC;MacCD163;150;200.0;3;6014.0;448.0;5260.9040650406505;512.1309886458045;251.53862623423242;6606.328199155918;0.0;-0.0;-2.993957414151048;;836.6326546598672;False
292;DC;MacCD163;200;250.0;4;5921.0;441.0;5178.7024390243905;504.2114372749931;249.81027557025715;6509.2582443675465;0.0;-0.0;-2.971445266937565;;836.6326546598672;False
293;DC;MacCD163;250;300.0;5;5670.0;432.0;5073.014634146341;482.83716422043756;245.04894981386482;6247.046179035472;0.0;-0.0;-2.4361882240553117;;836.6326546598672;False
294;DC;MacCD163;300;400.0;6;9779.0;793.0;9312.269918699187;832.7450844641373;308.8671482108488;10506.326551858452;0.0;-0.0;-1.51110302278635;;836.6326546598672;False
295;DC;MacCD163;400;500.0;7;6961.0;562.0;6599.616260162602;592.7741622819163;268.13235984933635;7592.403455694669;0.0;-0.0;-1.3477811482376079;;836.6326546598672;False
296;DC;MacCD163;500;600.0;8;4000.0;381.0;4474.117073170732;340.6258654112434;209.09405826864625;4492.378879707878;0.0;0.0;2.267482285706947;;836.6326546598672;False
297;DC;MacCD163;600;700.0;9;2400.0;265.0;3111.918699186992;204.37551924674605;164.35535563780473;2787.027285964093;265.0;60.62448075325395;4.331581994540357;;836.6326546598672;False
298;DC;MacCD163;700;800.0;10;1626.0;208.0;2442.562601626016;138.46441428967046;136.2236772514325;1946.7822457994998;208.0;69.53558571032954;5.994278073398797;;836.6326546598672;False
299;DC;MacCD163;800;900.0;11;1116.0;199.0;2336.8747967479676;95.03461644973692;113.36730719860738;1382.9596074424621;199.0;103.96538355026308;10.76919640164978;;836.6326546598672;False
300;DC;MacCD163;900;1000.0;12;548.0;75.0;880.7317073170732;46.66574356134035;79.83843441448548;736.0051457231192;75.0;28.33425643865965;4.167563025969157;;836.6326546598672;False
301;DC;MacCD163;1000;1100.0;13;179.0;42.0;493.20975609756096;15.243007477153142;45.77663825311004;286.79574535255404;42.0;26.756992522846858;6.863976213373722;;836.6326546598672;False
302;DC;MacCD163;1100;1200.0;14;107.0;36.0;422.7512195121951;9.111741899750761;35.41445378070041;190.3946656466154;36.0;26.88825810024924;8.915885628716602;;836.6326546598672;False
303;DC;MacCD163;1200;inf;15;65.0;120.0;1409.1707317073171;5.5351703129327054;27.612353633305723;130.0221238261915;120.0;114.4648296870673;48.6800491388026;;836.6326546598672;False
304;DC;Neutrophil;0;50.0;0;84617878.0;14.0;1930.4630071599045;613661.2240722792;;;0.0;-0.0;;;646.1495293702725;False
305;DC;Neutrophil;50;100.0;1;4630.0;37.0;5101.937947494033;33.57743699806148;766.3352021176981;6434.581495159599;0.0;0.0;0.6158374901608009;;646.1495293702725;False
306;DC;Neutrophil;100;150.0;2;5618.0;44.0;6067.169451073985;40.74255746330656;836.2657706380261;7587.255399671678;0.0;0.0;0.5371132800656101;;646.1495293702725;False
307;DC;Neutrophil;150;200.0;3;6014.0;37.0;5101.937947494033;43.614407366380505;861.9463295010509;8043.728494449926;0.0;-0.0;-1.0581425099100148;;646.1495293702725;False
308;DC;Neutrophil;200;250.0;4;5921.0;34.0;4688.267303102625;42.93995776793132;856.0237977085899;7936.781997867706;0.0;-0.0;-1.4400682553419213;;646.1495293702725;False
309;DC;Neutrophil;250;300.0;5;5670.0;32.0;4412.486873508353;41.119669066740514;839.7081832014982;7647.361661779409;0.0;-0.0;-1.4975596899594483;;646.1495293702725;False
310;DC;Neutrophil;300;400.0;6;9779.0;69.0;9514.424821002387;70.91873788424259;1058.393729382493;12271.326769484956;0.0;-0.0;-0.24997802958637724;;646.1495293702725;False
311;DC;Neutrophil;400;500.0;7;6961.0;37.0;5101.937947494033;50.48218983661036;918.808005166474;9124.627508100913;0.0;-0.0;-2.023341157295569;;646.1495293702725;False
312;DC;Neutrophil;500;600.0;8;4000.0;42.0;5791.389021479714;29.008584879534755;716.5017108637246;5687.232591040868;42.0;12.991415120465245;2.5001880586164127;;646.1495293702725;False
313;DC;Neutrophil;600;700.0;9;2400.0;37.0;5101.937947494033;17.405150927720854;563.1957908282719;3726.2247375194725;37.0;19.594849072279146;4.7975109038375265;;646.1495293702725;False
314;DC;Neutrophil;700;800.0;10;1626.0;22.0;3033.5847255369927;11.791989753530878;466.79708940077063;2725.223143083039;22.0;10.208010246469122;3.0154102446180953;;646.1495293702725;False
315;DC;Neutrophil;800;900.0;11;1116.0;8.0;1103.1217183770882;8.093395181390196;388.47526436859914;2030.7893395338747;0.0;-0.0;-0.03315084074617536;;646.1495293702725;False
316;DC;Neutrophil;900;1000.0;12;548.0;5.0;689.4510739856802;3.9741761284962616;273.5820200933846;1192.236424875962;0.0;0.0;0.5170335168129734;;646.1495293702725;False
317;DC;Neutrophil;1000;1100.0;13;179.0;1.0;137.89021479713603;1.2981341733591802;156.8626095716341;548.3832173351476;0.0;-0.0;-0.2620751070961271;;646.1495293702725;False
318;DC;Neutrophil;1100;1200.0;14;107.0;0.0;0.0;0.7759796455275547;121.3545565726918;392.768142373217;0.0;-0.0;-0.8817139052863385;;646.1495293702725;False
319;DC;Neutrophil;1200;inf;15;65.0;0.0;0.0;0.47138950429243975;94.61913352802524;287.8110322752538;0.0;-0.0;-0.6869646505560912;;646.1495293702725;False
320;DC;T;0;50.0;0;84617878.0;106.0;1961.6450992953235;4572435.182705622;;;0.0;-0.0;;;854.2721107890952;False
321;DC;T;50;100.0;1;4630.0;203.0;3756.7354260089687;250.18796732207144;280.7432594143595;5291.099854776257;0.0;-0.0;-3.1105451144675476;;854.2721107890952;False
322;DC;T;100;150.0;2;5618.0;240.0;4441.460602178091;303.57581002492384;306.36199085830634;6339.427357108728;0.0;-0.0;-3.8403569402513225;;854.2721107890952;False
323;DC;T;150;200.0;3;6014.0;254.0;4700.545803971813;324.97417612849625;315.7699415551616;6757.581387992346;0.0;-0.0;-4.159528894863922;;854.2721107890952;False
324;DC;T;200;250.0;4;5921.0;282.0;5218.716207559257;319.9488022708391;313.60025017884755;6659.47215524787;0.0;-0.0;-2.2394235720163733;;854.2721107890952;False
325;DC;T;250;300.0;5;5670.0;288.0;5329.752722613709;306.3856964829687;307.6231023414373;6394.397047708224;0.0;-0.0;-1.106052421929753;;854.2721107890952;False
326;DC;T;300;400.0;6;9779.0;414.0;7661.519538757207;528.4207629465521;387.7375129179105;10692.052067629542;0.0;-0.0;-5.461118387302117;;854.2721107890952;False
327;DC;T;400;500.0;7;6961.0;315.0;5829.417040358744;376.1465314317364;336.6009462094686;7753.634655310441;0.0;-0.0;-3.3617937572197607;;854.2721107890952;False
328;DC;T;500;600.0;8;4000.0;221.0;4089.8449711723256;216.14511215729715;262.4869967189016;4618.1096414336425;0.0;0.0;0.3422835123087676;;854.2721107890952;False
329;DC;T;600;700.0;9;2400.0;166.0;3072.0102498398464;129.6870672943783;206.32410147497427;2885.856129926269;166.0;36.312932705621705;3.2570613177799626;;854.2721107890952;False
330;DC;T;700;800.0;10;1626.0;143.0;2646.370275464446;87.86298809194129;171.0088953259139;2028.6951745920614;143.0;55.13701190805871;5.9667672463458326;;854.2721107890952;False
331;DC;T;800;900.0;11;1116.0;118.0;2183.718129404228;60.3044862918859;142.31606693691356;1451.1287271530105;118.0;57.6955137081141;7.502442643229667;;854.2721107890952;False
332;DC;T;900;1000.0;12;548.0;73.0;1350.944266495836;29.61188036554971;100.22547290785323;784.0129526261192;73.0;43.38811963445029;8.0113791753725;;854.2721107890952;False
333;DC;T;1000;1100.0;13;179.0;34.0;629.2069186418962;9.672493769039047;57.46587155292787;314.3217862380084;34.0;24.327506230960953;7.834335519078337;;854.2721107890952;False
334;DC;T;1100;1200.0;14;107.0;21.0;388.62780269058294;5.781881750207699;44.45766508292176;211.68980089253668;21.0;15.218118249792301;6.334741200764706;;854.2721107890952;False
335;DC;T;1200;inf;15;65.0;244.0;4515.484945547726;3.512358072556079;34.66326990618984;146.6257628014139;244.0;240.48764192744392;128.3919537190864;;854.2721107890952;False
336;DC;Tumor;0;50.0;0;84617878.0;1058.0;2153.4968469261935;41572252.6140612;;;0.0;-0.0;;;715.029760463841;False
337;DC;Tumor;50;100.0;1;4630.0;1913.0;3893.7991192531267;2274.691048186098;93.10678654587088;4849.249727286635;0.0;-0.0;-7.9070592817009056;;715.029760463841;False
338;DC;Tumor;100;150.0;2;5618.0;2519.0;5127.276519288356;2760.08948352257;101.60308228990165;5857.256974813189;0.0;-0.0;-4.829808994489697;;715.029760463841;False
339;DC;Tumor;150;200.0;3;6014.0;2671.0;5436.663589924256;2954.6418928274716;104.72317165266473;6260.6042237869115;0.0;-0.0;-5.51297674587813;;715.029760463841;False
340;DC;Tumor;200;250.0;4;5921.0;2817.0;5733.838013035053;2908.951554278593;104.00360676527866;6165.909777966394;0.0;-0.0;-1.7995720801043433;;715.029760463841;False
341;DC;Tumor;250;300.0;5;5670.0;2484.0;5056.036075391932;2785.6367695929107;102.0213222074525;5910.241854554671;0.0;-0.0;-6.017996153388597;;715.029760463841;False
342;DC;Tumor;300;400.0;6;9779.0;4535.0;9230.726087722389;4804.363663112711;128.59077694824344;10081.808139163828;0.0;-0.0;-4.263711016368507;;715.029760463841;False
343;DC;Tumor;400;500.0;7;6961.0;3656.0;7441.57322529505;3419.897275685406;111.63164706158635;7223.872440160444;3656.0;236.10272431459407;4.3049909048633985;;715.029760463841;False
344;DC;Tumor;500;600.0;8;4000.0;2339.0;4760.897093535318;1965.1758515646636;87.05220857503322;4204.992285716703;2339.0;373.8241484353364;8.74069832334553;;715.029760463841;False
345;DC;Tumor;600;700.0;9;2400.0;1643.0;3344.2299806235687;1179.105510938798;68.4261275421969;2561.1312167402098;1643.0;463.89448906120197;13.799260816583297;;715.029760463841;False
346;DC;Tumor;700;800.0;10;1626.0;1170.0;2381.466267394751;798.8439836610357;56.714055211046166;1759.5513940459634;1170.0;371.15601633896426;13.320618047563087;;715.029760463841;False
347;DC;Tumor;800;900.0;11;1116.0;727.0;1479.7657917914391;548.2840625865412;47.198253998989294;1227.143394607282;727.0;178.71593741345885;7.707187469248944;;715.029760463841;False
348;DC;Tumor;900;1000.0;12;548.0;417.0;848.7790029945394;269.2290916643589;33.239165677411656;626.2722536172737;417.0;147.77090833564108;9.04893359579539;;715.029760463841;False
349;DC;Tumor;1000;1100.0;13;179.0;256.0;521.0729610709882;87.94161935751869;19.05820516407819;223.87864354268368;256.0;168.05838064248132;17.94885500108602;;715.029760463841;False
350;DC;Tumor;1100;1200.0;14;107.0;134.0;272.7491280605954;52.56845402935475;14.74411297296385;141.71973277493612;134.0;81.43154597064526;11.241715820038014;;715.029760463841;False
351;DC;Tumor;1200;inf;15;65.0;46.0;93.6302976924432;31.934107587925784;11.495861659759772;92.07068547130507;46.0;14.065892412074216;2.490487319681392;;715.029760463841;False
352;DC;Tumor_CD15;0;50.0;0;84617878.0;45.0;2143.3800494641387;1776541.9207629466;;;0.0;-0.0;;;649.6330710130933;False
353;DC;Tumor_CD15;50;100.0;1;4630.0;73.0;3477.0387469084912;97.20627942398228;450.3968937643924;5690.603633656066;0.0;-0.0;-2.559878340756576;;649.6330710130933;False
354;DC;Tumor_CD15;100;150.0;2;5618.0;118.0;5620.41879637263;117.94921766823595;491.4970686665709;6775.387149369994;0.0;0.0;0.004921283415162772;;649.6330710130933;False
355;DC;Tumor_CD15;150;200.0;3;6014.0;89.0;4239.129431162407;126.26318886734977;506.5902601447611;7206.928899206327;0.0;-0.0;-3.503562362865827;;649.6330710130933;False
356;DC;Tumor_CD15;200;250.0;4;5921.0;124.0;5906.202802967849;124.31066532816395;503.1094205393587;7105.7321483299875;0.0;-0.0;-0.029411488690249673;;649.6330710130933;False
357;DC;Tumor_CD15;250;300.0;5;5670.0;81.0;3858.0840890354493;119.04095126003877;493.520271987205;6832.151429104597;0.0;-0.0;-3.6714113154231818;;649.6330710130933;False
358;DC;Tumor_CD15;300;400.0;6;9779.0;168.0;8001.952184666117;205.30889988922735;622.0479586169027;11243.811001921666;0.0;-0.0;-2.856769788755634;;649.6330710130933;False
359;DC;Tumor_CD15;400;500.0;7;6961.0;155.0;7382.7535037098105;146.14533716422045;540.0094767267126;8232.625140302736;0.0;0.0;0.7810113005169557;;649.6330710130933;False
360;DC;Tumor_CD15;500;600.0;8;4000.0;162.0;7716.168178070899;83.97950706175574;421.10834013381356;4991.634360476815;162.0;78.02049293824426;8.824731841905647;;649.6330710130933;False
361;DC;Tumor_CD15;600;700.0;9;2400.0;91.0;4334.390766694147;50.38770423705345;331.00611073230505;3179.4598245801662;91.0;40.61229576294655;5.843972978065498;;649.6330710130933;False
362;DC;Tumor_CD15;700;800.0;10;1626.0;58.0;2762.578730420445;34.13766962060371;274.3498647894241;2272.0445609576664;58.0;23.86233037939629;4.142807692990192;;649.6330710130933;False
363;DC;Tumor_CD15;800;900.0;11;1116.0;19.0;904.9826875515251;23.43028247022985;228.31791087295713;1653.6475931632292;0.0;-0.0;-0.9242258377438078;;649.6330710130933;False
364;DC;Tumor_CD15;900;1000.0;12;548.0;12.0;571.5680131904369;11.505192467460537;160.7918985051702;926.6359856785567;0.0;0.0;0.14657463099534873;;649.6330710130933;False
365;DC;Tumor_CD15;1000;1100.0;13;179.0;18.0;857.3520197856554;3.7580829410135697;92.19259653426406;396.0969743223358;18.0;14.24191705898643;7.357988008652527;;649.6330710130933;False
366;DC;Tumor_CD15;1100;1200.0;14;107.0;0.0;0.0;2.2464518139019662;71.32350852923624;274.9540275665814;0.0;-0.0;-1.5002066248064565;;649.6330710130933;False
367;DC;Tumor_CD15;1200;inf;15;65.0;0.0;0.0;1.3646669897535308;55.6103435075603;195.95235160265972;0.0;-0.0;-1.168847302501614;;649.6330710130933;False
368;DC;other;0;50.0;0;84617878.0;1011.0;2251.5335928766913;37995735.40837026;;;0.0;-0.0;;;739.1841765001203;False
369;DC;other;50;100.0;1;4630.0;1764.0;3928.491847511853;2078.996296039878;97.3902967810656;4859.336623051567;0.0;-0.0;-7.2030600139266925;;739.1841765001203;False
370;DC;other;100;150.0;2;5618.0;2302.0;5126.637320279074;2522.635246469122;106.27747670369347;5868.264332477167;0.0;-0.0;-4.623394297277759;;739.1841765001203;False
371;DC;other;150;200.0;3;6014.0;2516.0;5603.22306595228;2700.45004846303;109.54111021845597;6271.949602097365;0.0;-0.0;-3.74997964899675;;739.1841765001203;False
372;DC;other;200;250.0;4;5921.0;2330.0;5188.994333731643;2658.6905116311273;108.78844072425923;6177.177200885147;0.0;-0.0;-6.7287081365908765;;739.1841765001203;False
373;DC;other;250;300.0;5;5670.0;2209.0;4919.522954168755;2545.9846649127667;106.7149583439378;5921.294523012947;0.0;-0.0;-7.03253843207706;;739.1841765001203;False
374;DC;other;300;400.0;6;9779.0;4027.0;8968.274756196277;4391.037749238438;134.50677866674408;10095.73925859699;0.0;-0.0;-6.027393205307425;;739.1841765001203;False
375;DC;other;400;500.0;7;6961.0;3170.0;7059.704737308715;3125.6788805040155;116.76741987149175;7235.966260919934;0.0;0.0;0.8453105962035014;;739.1841765001203;False
376;DC;other;500;600.0;8;4000.0;2217.0;4937.339243726631;1796.1091110495709;91.05716933311662;4214.4232475894005;2217.0;420.89088895042914;10.293964226996126;;739.1841765001203;False
377;DC;other;600;700.0;9;2400.0;1465.0;3262.6080252862043;1077.6654666297425;71.57416893161094;2568.544287706589;1465.0;387.33453337025753;12.051946088405519;;739.1841765001203;False
378;DC;other;700;800.0;10;1626.0;1200.0;2672.4434336815325;730.1183536416505;59.32326604291424;1765.6956160145583;1200.0;469.8816463583495;17.639680069612805;;739.1841765001203;False
379;DC;other;800;900.0;11;1116.0;825.0;1837.3048606560537;501.1144419828302;49.36967685212778;1232.256704668091;825.0;323.8855580171698;14.610281181635205;;739.1841765001203;False
380;DC;other;900;1000.0;12;548.0;359.0;799.5059939097251;246.0669482137912;34.76838080415625;629.8732800508964;359.0;112.93305178620881;7.233756306524916;;739.1841765001203;False
381;DC;other;1000;1100.0;13;179.0;186.0;414.22873222063754;80.3758827194683;19.93500501845347;225.94334941524681;186.0;105.6241172805317;11.799782944769294;;739.1841765001203;False
382;DC;other;1100;1200.0;14;107.0;104.0;231.6117642523995;48.04591872057602;15.422436875780994;143.3170634983136;104.0;55.95408127942398;8.079901072448976;;739.1841765001203;False
383;DC;other;1200;inf;15;65.0;258.0;574.5753382415295;29.186773054555523;12.024745137632818;93.3161108864862;258.0;228.81322694544448;42.37722566333278;;739.1841765001203;False
384;MacCD163;B;0;50.0;0;84640367.0;12.0;15406.933333333332;65923.8527243146;;;0.0;-0.0;;;369.83905778822685;False
385;MacCD163;B;50;100.0;1;15620.0;16.0;20542.577777777777;12.16595126003877;3825.2863945069525;24627.86107976914;0.0;0.0;1.286852086381432;;369.83905778822685;False
386;MacCD163;B;100;150.0;2;8176.0;5.0;6419.555555555556;6.36804209360288;3001.960840665462;15245.07756199699;0.0;-0.0;-0.5850990528094574;;369.83905778822685;False
387;MacCD163;B;150;200.0;3;4022.0;5.0;6419.555555555556;3.1326156189421215;2191.897138705798;9183.523318870397;0.0;0.0;1.0938266733498216;;369.83905778822685;False
388;MacCD163;B;200;250.0;4;2242.0;0.0;0.0;1.7462268069786762;1663.3782759459405;6158.956506666522;0.0;-0.0;-1.3478593729529174;;369.83905778822685;False
389;MacCD163;B;250;300.0;5;1047.0;0.0;0.0;0.8154770146773747;1148.8667169577736;3752.3743741610633;0.0;-0.0;-0.9113328679000127;;369.83905778822685;False
390;MacCD163;B;300;400.0;6;645.0;5.0;6419.555555555556;0.5023712268069787;904.9185967072765;2775.920450647572;5.0;4.497628773193021;6.381298358291461;;369.83905778822685;False
391;MacCD163;B;400;500.0;7;218.0;1.0;1283.911111111111;0.16979368595956798;528.049745131397;1461.4621246088975;0.0;0.0;2.018580864660536;;369.83905778822685;False
392;MacCD163;B;500;600.0;8;145.0;1.0;1283.911111111111;0.11293616726668512;430.92909960791565;1159.7604817438582;1.0;0.8870638327333149;2.642919942392748;;369.83905778822685;False
393;MacCD163;B;600;700.0;9;30.0;0.0;0.0;0.023366103572417612;196.20737328992843;492.0330556059935;0.0;-0.0;-0.15289945274212555;;369.83905778822685;False
394;MacCD163;B;700;800.0;10;0.0;0.0;0.0;0.0;0.0;0.0;0.0;0.0;;;369.83905778822685;False
395;MacCD163;B;800;900.0;11;0.0;0.0;0.0;0.0;0.0;0.0;0.0;0.0;;;369.83905778822685;False
396;MacCD163;B;900;1000.0;12;0.0;0.0;0.0;0.0;0.0;0.0;0.0;0.0;;;369.83905778822685;False
397;MacCD163;B;1000;1100.0;13;0.0;0.0;0.0;0.0;0.0;0.0;0.0;0.0;;;369.83905778822685;False
398;MacCD163;B;1100;1200.0;14;0.0;0.0;0.0;0.0;0.0;0.0;0.0;0.0;;;369.83905778822685;False
399;MacCD163;B;1200;inf;15;0.0;0.0;0.0;0.0;0.0;0.0;0.0;0.0;;;369.83905778822685;False
400;MacCD163;BnT;0;50.0;0;84640367.0;1.0;7222.0;11719.79603987815;;;0.0;-0.0;;;178.46301250438515;False
401;MacCD163;BnT;50;100.0;1;15620.0;0.0;0.0;2.162835779562448;9072.463281821536;36984.018393840626;0.0;-0.0;-1.7216933830195533;;178.46301250438515;False
402;MacCD163;BnT;100;150.0;2;8176.0;2.0;14444.0;1.1320963721960675;7119.775277352508;24941.789539225472;0.0;0.0;0.8803648648768531;;178.46301250438515;False
403;MacCD163;BnT;150;200.0;3;4022.0;5.0;36110.0;0.5569094433674883;5198.540516337253;16263.627412776506;5.0;4.443090556632511;6.172501666411616;;178.46301250438515;False
404;MacCD163;BnT;200;250.0;4;2242.0;0.0;0.0;0.31044032124065357;3945.0479718249308;11531.87804266204;0.0;-0.0;-0.5683074112183427;;178.46301250438515;False
405;MacCD163;BnT;250;300.0;5;1047.0;0.0;0.0;0.14497369149819994;2724.7766651599172;7463.358709351156;0.0;-0.0;-0.38425167588498543;;178.46301250438515;False
406;MacCD163;BnT;300;400.0;6;645.0;0.0;0.0;0.08931044032124065;2146.202896978755;5698.921602509065;0.0;-0.0;-0.3005307657109107;;178.46301250438515;False
407;MacCD163;BnT;400;500.0;7;218.0;0.0;0.0;0.030185544170589863;1252.3799343649673;3167.1293734371698;0.0;-0.0;-0.17406858255880572;;178.46301250438515;False
408;MacCD163;BnT;500;600.0;8;145.0;0.0;0.0;0.020077540847410688;1022.0380986049395;2551.7158013802295;0.0;-0.0;-0.1418733804521788;;178.46301250438515;False
409;MacCD163;BnT;600;700.0;9;30.0;0.0;0.0;0.004153973968429798;465.346644986294;1125.807607501626;0.0;-0.0;-0.06446806982111926;;178.46301250438515;False
410;MacCD163;BnT;700;800.0;10;0.0;0.0;0.0;0.0;0.0;0.0;0.0;0.0;;;178.46301250438515;False
411;MacCD163;BnT;800;900.0;11;0.0;0.0;0.0;0.0;0.0;0.0;0.0;0.0;;;178.46301250438515;False
412;MacCD163;BnT;900;1000.0;12;0.0;0.0;0.0;0.0;0.0;0.0;0.0;0.0;;;178.46301250438515;False
413;MacCD163;BnT;1000;1100.0;13;0.0;0.0;0.0;0.0;0.0;0.0;0.0;0.0;;;178.46301250438515;False
414;MacCD163;BnT;1100;1200.0;14;0.0;0.0;0.0;0.0;0.0;0.0;0.0;0.0;;;178.46301250438515;False
415;MacCD163;BnT;1200;inf;15;0.0;0.0;0.0;0.0;0.0;0.0;0.0;0.0;;;178.46301250438515;False
416;MacCD163;DC;0;50.0;0;84640367.0;135.0;23008.141592920354;496626.3571898366;;;0.0;-0.0;;;340.31453635700194;False
417;MacCD163;DC;50;100.0;1;15620.0;88.0;14997.89970501475;91.65016615895874;1393.7034130473469;18901.920733871943;0.0;-0.0;-0.4463649074554688;;340.31453635700194;False
418;MacCD163;DC;100;150.0;2;8176.0;47.0;8010.241887905605;47.97258377180837;1093.7332889578845;10751.545072755654;0.0;-0.0;-0.15155258943643415;;340.31453635700194;False
419;MacCD163;DC;150;200.0;3;4022.0;26.0;4431.1976401179945;23.599037662697313;798.5949830187108;5902.54747387361;0.0;0.0;0.512396958181751;;340.31453635700194;False
420;MacCD163;DC;200;250.0;4;2242.0;17.0;2897.321533923304;13.154908612572694;606.034618402336;3669.102467396503;0.0;0.0;1.0813268978773867;;340.31453635700194;False
421;MacCD163;DC;250;300.0;5;1047.0;12.0;2045.1681415929204;6.143260177236223;418.5776695987564;2032.6750867734934;12.0;5.856739822763777;2.3846664886584907;;340.31453635700194;False
422;MacCD163;DC;300;400.0;6;645.0;8.0;1363.4454277286136;3.7845299086125728;329.6977027842914;1421.3787593171055;0.0;0.0;2.1791035292674303;;340.31453635700194;False
423;MacCD163;DC;400;500.0;7;218.0;6.0;1022.5840707964602;1.2791124342287454;192.38944647522706;671.0425250122736;6.0;4.720887565771255;4.182059284109755;;340.31453635700194;False
424;MacCD163;DC;500;600.0;8;145.0;0.0;0.0;0.8507857934090279;157.00454684057266;514.7174540611811;0.0;-0.0;-0.9235401325493939;;340.31453635700194;False
425;MacCD163;DC;600;700.0;9;30.0;0.0;0.0;0.17602464691221267;71.48612093774332;198.33695052570462;0.0;-0.0;-0.41966188130597765;;340.31453635700194;False
426;MacCD163;DC;700;800.0;10;0.0;0.0;0.0;0.0;0.0;0.0;0.0;0.0;;;340.31453635700194;False
427;MacCD163;DC;800;900.0;11;0.0;0.0;0.0;0.0;0.0;0.0;0.0;0.0;;;340.31453635700194;False
428;MacCD163;DC;900;1000.0;12;0.0;0.0;0.0;0.0;0.0;0.0;0.0;0.0;;;340.31453635700194;False
429;MacCD163;DC;1000;1100.0;13;0.0;0.0;0.0;0.0;0.0;0.0;0.0;0.0;;;340.31453635700194;False
430;MacCD163;DC;1100;1200.0;14;0.0;0.0;0.0;0.0;0.0;0.0;0.0;0.0;;;340.31453635700194;False
431;MacCD163;DC;1200;inf;15;0.0;0.0;0.0;0.0;0.0;0.0;0.0;0.0;;;340.31453635700194;False
432;MacCD163;Neutrophil;0;50.0;0;84640367.0;132.0;18201.508353221958;613824.3175886181;;;0.0;-0.0;;;345.00532537167084;False
433;MacCD163;Neutrophil;50;100.0;1;15620.0;123.0;16960.496420047733;113.27852395458322;1253.6121746724039;18572.031077613417;0.0;0.0;1.0693071167708101;;345.00532537167084;False
434;MacCD163;Neutrophil;100;150.0;2;8176.0;57.0;7859.7422434367545;59.29354749376904;983.794223395157;10492.658357436572;0.0;-0.0;-0.32146738519343326;;345.00532537167084;False
435;MacCD163;Neutrophil;150;200.0;3;4022.0;28.0;3860.926014319809;29.168132096372197;718.3224091814341;5713.520007935364;0.0;-0.0;-0.22423633680556243;;345.00532537167084;False
436;MacCD163;Neutrophil;200;250.0;4;2242.0;22.0;3033.5847255369927;16.259311824979232;545.117683425163;3525.654047830409;0.0;0.0;1.4521354738727092;;345.00532537167084;False
437;MacCD163;Neutrophil;250;300.0;5;1047.0;23.0;3171.474940334129;7.592997092218222;376.50339214400543;1933.5977348428519;23.0;15.407002907781777;5.642644886241974;;345.00532537167084;False
438;MacCD163;Neutrophil;300;400.0;6;645.0;20.0;2757.8042959427207;4.6776343118249795;296.5573954276241;1343.339299255139;20.0;15.32236568817502;7.1244363773027475;;345.00532537167084;False
439;MacCD163;Neutrophil;400;500.0;7;218.0;12.0;1654.6825775656325;1.5809678759346442;173.05098783713464;625.5039349712916;12.0;10.419032124065357;8.302076720404239;;345.00532537167084;False
440;MacCD163;Neutrophil;500;600.0;8;145.0;2.0;275.78042959427205;1.0515612018831348;141.22288110632556;477.554471246198;0.0;0.0;0.9260569432499294;;345.00532537167084;False
441;MacCD163;Neutrophil;600;700.0;9;30.0;0.0;0.0;0.21756438659651067;64.30053244378074;181.41618270477778;0.0;-0.0;-0.46655912260492727;;345.00532537167084;False
442;MacCD163;Neutrophil;700;800.0;10;0.0;0.0;0.0;0.0;0.0;0.0;0.0;0.0;;;345.00532537167084;False
443;MacCD163;Neutrophil;800;900.0;11;0.0;0.0;0.0;0.0;0.0;0.0;0.0;0.0;;;345.00532537167084;False
444;MacCD163;Neutrophil;900;1000.0;12;0.0;0.0;0.0;0.0;0.0;0.0;0.0;0.0;;;345.00532537167084;False
445;MacCD163;Neutrophil;1000;1100.0;13;0.0;0.0;0.0;0.0;0.0;0.0;0.0;0.0;;;345.00532537167084;False
446;MacCD163;Neutrophil;1100;1200.0;14;0.0;0.0;0.0;0.0;0.0;0.0;0.0;0.0;;;345.00532537167084;False
447;MacCD163;Neutrophil;1200;inf;15;0.0;0.0;0.0;0.0;0.0;0.0;0.0;0.0;;;345.00532537167084;False
448;MacCD163;T;0;50.0;0;84640367.0;1288.0;23835.838565022423;4573650.404562448;;;0.0;-0.0;;;221.11200856501753;False
449;MacCD163;T;50;100.0;1;15620.0;793.0;14675.326073030108;844.0466629742454;459.25486260645584;16701.462556243616;0.0;-0.0;-2.056970984713124;;221.11200856501753;False
450;MacCD163;T;100;150.0;2;8176.0;437.0;8087.159513132608;441.8006092495154;360.4083384212794;9024.696779710726;0.0;-0.0;-0.24649953232643373;;221.11200856501753;False
451;MacCD163;T;150;200.0;3;4022.0;281.0;5200.210121716848;217.3339102741623;263.15400089502646;4641.680316237701;281.0;63.66608972583771;4.477264710814116;;221.11200856501753;False
452;MacCD163;T;200;250.0;4;2242.0;166.0;3072.0102498398464;121.14933536416505;199.7012727410645;2712.260560068851;166.0;44.850664635834946;4.156259188773671;;221.11200856501753;False
453;MacCD163;T;250;300.0;5;1047.0;85.0;1573.0172966047405;56.575983107172526;137.93022844177878;1371.8008667503987;85.0;28.424016892827474;3.8136476865676747;;221.11200856501753;False
454;MacCD163;T;300;400.0;6;645.0;49.0;906.7982062780269;34.853399335364166;108.64239247487583;900.8332835399572;49.0;14.146600664635834;2.409724236683845;;221.11200856501753;False
455;MacCD163;T;400;500.0;7;218.0;10.0;185.06085842408712;11.779908612572694;63.3964069979004;367.2871299815962;0.0;-0.0;-0.519574265099973;;221.11200856501753;False
456;MacCD163;T;500;600.0;8;145.0;12.0;222.07303010890456;7.835260315702022;51.73633135488813;266.82975013085377;0.0;0.0;1.489727394472909;;221.11200856501753;False
457;MacCD163;T;600;700.0;9;30.0;1.0;18.506085842408712;1.6210883411797286;23.55619448312026;85.47059895349906;0.0;-0.0;-0.487935951022459;;221.11200856501753;False
458;MacCD163;T;700;800.0;10;0.0;0.0;0.0;0.0;0.0;0.0;0.0;0.0;;;221.11200856501753;False
459;MacCD163;T;800;900.0;11;0.0;0.0;0.0;0.0;0.0;0.0;0.0;0.0;;;221.11200856501753;False
460;MacCD163;T;900;1000.0;12;0.0;0.0;0.0;0.0;0.0;0.0;0.0;0.0;;;221.11200856501753;False
461;MacCD163;T;1000;1100.0;13;0.0;0.0;0.0;0.0;0.0;0.0;0.0;0.0;;;221.11200856501753;False
462;MacCD163;T;1100;1200.0;14;0.0;0.0;0.0;0.0;0.0;0.0;0.0;0.0;;;221.11200856501753;False
463;MacCD163;T;1200;inf;15;0.0;0.0;0.0;0.0;0.0;0.0;0.0;0.0;;;221.11200856501753;False
464;MacCD163;Tumor;0;50.0;0;84640367.0;10794.0;21970.552897657213;41583301.32399266;;;0.0;-0.0;;;336.3364681474411;False
465;MacCD163;Tumor;50;100.0;1;15620.0;7629.0;15528.381328166284;7674.011700360011;152.30906897658343;15978.66044866606;0.0;-0.0;-0.6015312971796943;;336.3364681474411;False
466;MacCD163;Tumor;100;150.0;2;8176.0;4026.0;8194.686489342963;4016.819440598172;119.52722321719152;8457.465101158732;0.0;0.0;0.15633668079955212;;336.3364681474411;False
467;MacCD163;Tumor;150;200.0;3;4022.0;2294.0;4669.302237097058;1975.9843187482693;87.27341643441765;4227.5131904181;2294.0;318.0156812517307;7.41694623108377;;336.3364681474411;False
468;MacCD163;Tumor;200;250.0;4;2242.0;1343.0;2733.5976043685046;1101.4810648019939;66.22970686038138;2397.95904129135;1343.0;241.51893519800615;7.422614830605242;;336.3364681474411;False
469;MacCD163;Tumor;250;300.0;5;1047.0;826.0;1681.2744759556103;514.3847791470507;45.743717461075576;1154.718222811573;826.0;311.6152208529493;13.86582707221663;;336.3364681474411;False
470;MacCD163;Tumor;300;400.0;6;645.0;706.0;1437.0215254535847;316.88460606480197;36.030585621510426;729.8455452557366;706.0;389.11539393519803;21.981922075136747;;336.3364681474411;False
471;MacCD163;Tumor;400;500.0;7;218.0;412.0;838.6017967236216;107.10208391027416;21.025031006770302;267.5101644621399;412.0;304.89791608972587;29.517283305017752;;336.3364681474411;False
472;MacCD163;Tumor;500;600.0;8;145.0;258.0;525.1438435793553;71.23762461921905;17.15803816688051;185.40409220877632;258.0;186.76237538078095;22.15543757870478;;336.3364681474411;False
473;MacCD163;Tumor;600;700.0;9;30.0;96.0;195.40236040162057;14.738818886734977;7.812267963790404;48.39648519828676;96.0;81.26118111326502;21.172130957137526;;336.3364681474411;False
474;MacCD163;Tumor;700;800.0;10;0.0;1.0;2.0354412541835476;0.0;0.0;0.0;1.0;1.0;inf;;336.3364681474411;False
475;MacCD163;Tumor;800;900.0;11;0.0;0.0;0.0;0.0;0.0;0.0;0.0;0.0;;;336.3364681474411;False
476;MacCD163;Tumor;900;1000.0;12;0.0;0.0;0.0;0.0;0.0;0.0;0.0;0.0;;;336.3364681474411;False
477;MacCD163;Tumor;1000;1100.0;13;0.0;0.0;0.0;0.0;0.0;0.0;0.0;0.0;;;336.3364681474411;False
478;MacCD163;Tumor;1100;1200.0;14;0.0;0.0;0.0;0.0;0.0;0.0;0.0;0.0;;;336.3364681474411;False
479;MacCD163;Tumor;1200;inf;15;0.0;0.0;0.0;0.0;0.0;0.0;0.0;0.0;;;336.3364681474411;False
480;MacCD163;Tumor_CD15;0;50.0;0;84640367.0;402.0;19147.528441879636;1777014.0745465246;;;0.0;-0.0;;;366.25280636079094;False
481;MacCD163;Tumor_CD15;50;100.0;1;15620.0;315.0;15003.66034624897;327.9399750761562;736.7833656830469;17354.992238355808;0.0;-0.0;-0.8365276449742363;;366.25280636079094;False
482;MacCD163;Tumor_CD15;100;150.0;2;8176.0;147.0;7001.708161582853;171.65411243422875;578.2037169845134;9537.565702866534;0.0;-0.0;-2.030930974538511;;366.25280636079094;False
483;MacCD163;Tumor_CD15;150;200.0;3;4022.0;73.0;3477.0387469084912;84.4413943505954;422.17841608036053;5016.154196765449;0.0;-0.0;-1.2908316302645297;;366.25280636079094;False
484;MacCD163;Tumor_CD15;200;250.0;4;2242.0;71.0;3381.777411376752;47.0705137081141;320.3810952077686;2996.4398250442227;71.0;23.9294862918859;3.5575676231383158;;366.25280636079094;False
485;MacCD163;Tumor_CD15;250;300.0;5;1047.0;62.0;2953.1014014839243;21.981635973414566;221.28170263457704;1568.07858896248;62.0;40.01836402658543;8.613913300512;;366.25280636079094;False
486;MacCD163;Tumor_CD15;300;400.0;6;645.0;74.0;3524.669414674361;13.541695513708115;174.2951770378758;1055.433776641008;74.0;60.45830448629189;16.521796320552145;;366.25280636079094;False
487;MacCD163;Tumor_CD15;400;500.0;7;218.0;36.0;1714.704039571311;4.576883134865688;101.70696474508863;457.50159930099073;36.0;31.42311686513431;14.715846090998266;;366.25280636079094;False
488;MacCD163;Tumor_CD15;500;600.0;8;145.0;23.0;1095.505358615004;3.0442571309886457;83.0006853436678;340.45167759857543;23.0;19.955742869011353;11.451777231469801;;366.25280636079094;False
489;MacCD163;Tumor_CD15;600;700.0;9;30.0;10.0;476.3066776586974;0.6298463029631681;37.7912433097748;118.99157727249946;10.0;9.370153697036832;11.809790802602652;;366.25280636079094;False
490;MacCD163;Tumor_CD15;700;800.0;10;0.0;0.0;0.0;0.0;0.0;0.0;0.0;0.0;;;366.25280636079094;False
491;MacCD163;Tumor_CD15;800;900.0;11;0.0;0.0;0.0;0.0;0.0;0.0;0.0;0.0;;;366.25280636079094;False
492;MacCD163;Tumor_CD15;900;1000.0;12;0.0;0.0;0.0;0.0;0.0;0.0;0.0;0.0;;;366.25280636079094;False
493;MacCD163;Tumor_CD15;1000;1100.0;13;0.0;0.0;0.0;0.0;0.0;0.0;0.0;0.0;;;366.25280636079094;False
494;MacCD163;Tumor_CD15;1100;1200.0;14;0.0;0.0;0.0;0.0;0.0;0.0;0.0;0.0;;;366.25280636079094;False
495;MacCD163;Tumor_CD15;1200;inf;15;0.0;0.0;0.0;0.0;0.0;0.0;0.0;0.0;;;366.25280636079094;False
496;MacCD163;other;0;50.0;0;84640367.0;10536.0;23464.053347723857;38005833.58281986;;;0.0;-0.0;;;324.7172531292475;False
497;MacCD163;other;50;100.0;1;15620.0;6983.0;15551.393747831786;7013.806078648574;159.31626447841455;15995.161133093223;0.0;-0.0;-0.4306293045021125;;324.7172531292475;False
498;MacCD163;other;100;150.0;2;8176.0;3503.0;7801.307790155341;3671.2470229853225;125.02624324601616;8470.414303750635;0.0;-0.0;-2.9969084899029674;;324.7172531292475;False
499;MacCD163;other;150;200.0;3;4022.0;1906.0;4244.730987164167;1805.9877111603435;91.2885541749202;4236.968117252995;1906.0;100.01228883965655;2.4398566630531486;;324.7172531292475;False
500;MacCD163;other;200;250.0;4;2242.0;1181.0;2630.129745981575;1006.7191567432844;69.27669879013317;2405.1341589645767;1181.0;174.28084325671557;5.602601636047574;;324.7172531292475;False
501;MacCD163;other;250;300.0;5;1047.0;674.0;1501.0223952511274;470.13155981722514;47.84822229052576;1159.6739529688268;674.0;203.86844018277486;9.4888038367316;;324.7172531292475;False
502;MacCD163;other;300;400.0;6;645.0;744.0;1656.9149288825502;289.6225941567433;37.68822399584915;733.748985327042;744.0;454.3774058432567;26.849631571760955;;324.7172531292475;False
503;MacCD163;other;400;500.0;7;218.0;282.0;628.0242069151601;97.88794655220161;21.992317483448527;269.78795004670917;282.0;184.1120534477984;18.643974525365294;;324.7172531292475;False
504;MacCD163;other;500;600.0;8;145.0;98.0;218.2495470839918;65.10895527554695;17.947418134016253;187.26293997853344;98.0;32.89104472445305;4.081341758297805;;324.7172531292475;False
505;MacCD163;other;600;700.0;9;30.0;36.0;80.17330301044598;13.470818332871781;8.171682470771518;49.242841683800805;36.0;22.52918166712822;6.1398987527851085;;324.7172531292475;False
506;MacCD163;other;700;800.0;10;0.0;0.0;0.0;0.0;0.0;0.0;0.0;0.0;;;324.7172531292475;False
507;MacCD163;other;800;900.0;11;0.0;0.0;0.0;0.0;0.0;0.0;0.0;0.0;;;324.7172531292475;False
508;MacCD163;other;900;1000.0;12;0.0;0.0;0.0;0.0;0.0;0.0;0.0;0.0;;;324.7172531292475;False
509;MacCD163;other;1000;1100.0;13;0.0;0.0;0.0;0.0;0.0;0.0;0.0;0.0;;;324.7172531292475;False
510;MacCD163;other;1100;1200.0;14;0.0;0.0;0.0;0.0;0.0;0.0;0.0;0.0;;;324.7172531292475;False
511;MacCD163;other;1200;inf;15;0.0;0.0;0.0;0.0;0.0;0.0;0.0;0.0;;;324.7172531292475;False
512;Neutrophil;B;0;50.0;0;84617906.0;2.0;2567.822222222222;65906.35852256992;;;0.0;-0.0;;;0.0;False
513;Neutrophil;B;50;100.0;1;3827.0;4.0;5135.644444444444;2.9807359457214067;2141.9763615253396;8870.96887210233;0.0;0.0;0.6109518610712096;;0.0;False
514;Neutrophil;B;100;150.0;2;4199.0;5.0;6419.555555555556;3.2704756300193853;2235.918021753034;9464.18457666999;0.0;0.0;0.9931292354871609;;0.0;False
515;Neutrophil;B;150;200.0;3;4159.0;2.0;2567.822222222222;3.239320825256162;2226.073289199816;9401.002003115704;0.0;-0.0;-0.714791280906004;;0.0;False
516;Neutrophil;B;200;250.0;4;4170.0;1.0;1283.911111111111;3.247888396566048;2228.7865158721083;9418.39116367033;0.0;-0.0;-1.2949149092278955;;0.0;False
517;Neutrophil;B;250;300.0;5;3960.0;1.0;1283.911111111111;3.084325671559125;2176.191168073246;9084.538584398197;0.0;-0.0;-1.2297122275605235;;0.0;False
518;Neutrophil;B;300;400.0;6;7342.0;9.0;11555.2;5.71846441428967;2868.5514269207183;14096.922400315041;0.0;0.0;1.468755261091035;;0.0;False
519;Neutrophil;B;400;500.0;7;5921.0;1.0;1283.911111111111;4.611689975076156;2612.080715955513;12071.980029170834;0.0;-0.0;-1.7752471662012244;;0.0;False
520;Neutrophil;B;500;600.0;8;4926.0;3.0;3851.733333333333;3.836714206590972;2405.2678298545743;10589.972899409642;0.0;-0.0;-0.4466307881944351;;0.0;False
521;Neutrophil;B;600;700.0;9;3843.0;2.0;2567.822222222222;2.993197867626696;2146.1309838870507;8896.752260119221;0.0;-0.0;-0.5941751865807319;;0.0;False
522;Neutrophil;B;700;800.0;10;2948.0;5.0;6419.555555555556;2.296109111049571;1895.2158716093531;7410.8923241265065;0.0;0.0;1.8317467722595782;;0.0;False
523;Neutrophil;B;800;900.0;11;2216.0;1.0;1283.911111111111;1.725976183882581;1654.0922989160347;6111.089701818803;0.0;-0.0;-0.563504763004887;;0.0;False
524;Neutrophil;B;900;1000.0;12;1845.0;4.0;5135.644444444444;1.4370153697036832;1514.3219604826445;5410.955707175097;0.0;0.0;2.1730150723005104;;0.0;False
525;Neutrophil;B;1000;1100.0;13;1570.0;1.0;1283.911111111111;1.2228260869565217;1400.3445607738433;4867.559441660307;0.0;-0.0;-0.20429892535219588;;0.0;False
526;Neutrophil;B;1100;1200.0;14;1207.0;1.0;1283.911111111111;0.9400962337302686;1231.7898720515966;4107.643481973208;0.0;0.0;0.06243849933837532;;0.0;False
527;Neutrophil;B;1200;inf;15;2473.0;3.0;3851.733333333333;1.9261458044862918;1743.3321797319318;6578.233561980251;0.0;0.0;0.7908609439799005;;0.0;False
528;Neutrophil;BnT;0;50.0;0;84617906.0;0.0;0.0;11716.685959567987;;;0.0;-0.0;;;0.0;False
529;Neutrophil;BnT;50;100.0;1;3827.0;0.0;0.0;0.5299086125726945;5080.142997495247;15789.822562125419;0.0;-0.0;-0.7533252512551111;;0.0;False
530;Neutrophil;BnT;100;150.0;2;4199.0;0.0;0.0;0.581417889781224;5302.9452076181215;16686.481672599963;0.0;-0.0;-0.7918241346276381;;0.0;False
531;Neutrophil;BnT;150;200.0;3;4159.0;0.0;0.0;0.5758792578233176;5279.596374250592;16591.499371758015;0.0;-0.0;-0.7877496128840618;;0.0;False
532;Neutrophil;BnT;200;250.0;4;4170.0;0.0;0.0;0.577402381611742;5286.031356320164;16617.65259652486;0.0;-0.0;-0.7888715974062851;;0.0;False
533;Neutrophil;BnT;250;300.0;5;3960.0;0.0;0.0;0.5483245638327333;5161.2905362903175;16113.910413084977;0.0;-0.0;-0.7672499682310567;;0.0;False
534;Neutrophil;BnT;300;400.0;6;7342.0;0.0;0.0;1.0166158958737193;6803.367070796636;23362.705152015413;0.0;-0.0;-1.079171522512057;;0.0;False
535;Neutrophil;BnT;400;500.0;7;5921.0;1.0;7222.0;0.8198559955690944;6195.093370967059;20509.330050791585;0.0;0.0;0.21000490583355208;;0.0;False
536;Neutrophil;BnT;500;600.0;8;4926.0;0.0;0.0;0.6820825256161728;5704.593543803098;18359.291225701672;0.0;-0.0;-0.8635146329314058;;0.0;False
537;Neutrophil;BnT;600;700.0;9;3843.0;0.0;0.0;0.5321240653558571;5089.996549605903;15829.025904150349;0.0;-0.0;-0.7550103349868769;;0.0;False
538;Neutrophil;BnT;700;800.0;10;2948.0;0.0;0.0;0.40819717529770144;4494.8991089901;13532.678522241642;0.0;-0.0;-0.6558545427869119;;0.0;False
539;Neutrophil;BnT;800;900.0;11;2216.0;0.0;0.0;0.3068402104680144;3923.0243435390503;11454.016361310138;0.0;-0.0;-0.5648703158443559;;0.0;False
540;Neutrophil;BnT;900;1000.0;12;1845.0;0.0;0.0;0.2554693990584326;3591.5298794524874;10302.406552462306;0.0;-0.0;-0.5137086595201212;;0.0;False
541;Neutrophil;BnT;1000;1100.0;13;1570.0;0.0;0.0;0.21739130434782608;3321.2087408050697;9390.848916579776;0.0;-0.0;-0.47271945924706554;;0.0;False
542;Neutrophil;BnT;1100;1200.0;14;1207.0;0.0;0.0;0.16712821932982552;2921.4461958078227;8086.480062367673;0.0;-0.0;-0.41315154177133384;;0.0;False
543;Neutrophil;BnT;1200;inf;15;2473.0;7.0;50554.0;0.342425920797563;4134.675304664201;12209.416287117707;7.0;6.657574079202437;11.62872449639789;;0.0;False
544;Neutrophil;DC;0;50.0;0;84617906.0;14.0;2386.029498525074;496494.5675366934;;;0.0;-0.0;;;0.0;False
545;Neutrophil;DC;50;100.0;1;3827.0;30.0;5112.920353982301;22.45487745776793;780.4068657477295;5664.71773074253;0.0;0.0;1.6477563312442478;;0.0;False
546;Neutrophil;DC;100;150.0;2;4199.0;30.0;5112.920353982301;24.63758307947937;814.6335350697129;6117.315377736582;0.0;0.0;1.121879120657722;;0.0;False
547;Neutrophil;DC;150;200.0;3;4159.0;17.0;2897.321533923304;24.402883550263084;811.0467088964725;6068.869047565795;0.0;-0.0;-1.5556175152888085;;0.0;False
548;Neutrophil;DC;200;250.0;4;4170.0;13.0;2215.5988200589973;24.467425920797563;812.0352448866079;6082.1968719306;0.0;-0.0;-2.4067935379010725;;0.0;False
549;Neutrophil;DC;250;300.0;5;3960.0;25.0;4260.766961651917;23.235253392412073;792.872675557695;5827.07246956058;0.0;0.0;0.3793382858607934;;0.0;False
550;Neutrophil;DC;300;400.0;6;7342.0;52.0;8862.395280235989;43.07909858764885;1045.1269530935447;9803.0858987468;0.0;0.0;1.4547469814415026;;0.0;False
551;Neutrophil;DC;400;500.0;7;5921.0;41.0;6987.657817109144;34.74139781224038;951.6845102656899;8162.045761319108;0.0;0.0;1.1208103164475758;;0.0;False
552;Neutrophil;DC;500;600.0;8;4926.0;32.0;5453.781710914454;28.903247022985322;876.3343807603665;6989.609765964295;0.0;0.0;0.6022606467368262;;0.0;False
553;Neutrophil;DC;600;700.0;9;3843.0;23.0;3919.905604719764;22.548757269454445;781.920559303787;5684.282206670368;0.0;0.0;0.09835475459072211;;0.0;False
554;Neutrophil;DC;700;800.0;10;2948.0;10.0;1704.3067846607669;17.2973553032401;690.5022412221002;4574.008518768597;0.0;-0.0;-1.8011429088746418;;0.0;False
555;Neutrophil;DC;800;900.0;11;2216.0;16.0;2726.890855457227;13.002353918582111;602.6513690072991;3635.135523903731;0.0;0.0;0.8477386458090655;;0.0;False
556;Neutrophil;DC;900;1000.0;12;1845.0;7.0;1193.014749262537;10.82551578510108;551.7274962229957;3144.2189675006475;0.0;-0.0;-1.181716073969142;;0.0;False
557;Neutrophil;DC;1000;1100.0;13;1570.0;8.0;1363.4454277286136;9.21195652173913;510.2010130784853;2771.4315725923148;0.0;-0.0;-0.40484939656443153;;0.0;False
558;Neutrophil;DC;1100;1200.0;14;1207.0;10.0;1704.3067846607669;7.082058294101357;448.7898608848448;2263.819360418284;0.0;0.0;1.1081061048934238;;0.0;False
559;Neutrophil;DC;1200;inf;15;2473.0;11.0;1874.7374631268437;14.510298393796733;635.164993778415;3968.6992592513698;0.0;-0.0;-0.9419009906611248;;0.0;False
560;Neutrophil;MacCD163;0;50.0;0;84617906.0;157.0;1843.6650406504066;7205761.865134312;;;0.0;-0.0;;;926.0346182446161;False
561;Neutrophil;MacCD163;50;100.0;1;3827.0;232.0;2724.3967479674798;325.89379673220714;204.85113720610426;4309.387564140319;0.0;-0.0;-5.3824609766416485;;926.0346182446161;False
562;Neutrophil;MacCD163;100;150.0;2;4199.0;288.0;3382.009756097561;357.57200221545276;213.83538944825716;4702.543861409756;0.0;-0.0;-3.8206502955869723;;926.0346182446161;False
563;Neutrophil;MacCD163;150;200.0;3;4159.0;323.0;3793.0178861788618;354.1657435613403;212.89387361491694;4660.326761052692;0.0;-0.0;-1.7190824123155735;;926.0346182446161;False
564;Neutrophil;MacCD163;200;250.0;4;4170.0;315.0;3699.0731707317073;355.10246469122126;213.15335713644433;4671.93779805054;0.0;-0.0;-2.2093333907325783;;926.0346182446161;False
565;Neutrophil;MacCD163;250;300.0;5;3960.0;302.0;3546.4130081300814;337.219606757131;208.12332179064109;4450.092969991028;0.0;-0.0;-1.9872207896333742;;926.0346182446161;False
566;Neutrophil;MacCD163;300;400.0;6;7342.0;569.0;6681.817886178862;625.2187759623373;274.3382385043891;7988.017183148617;0.0;-0.0;-2.40645313398619;;926.0346182446161;False
567;Neutrophil;MacCD163;400;500.0;7;5921.0;519.0;6094.663414634147;504.2114372749931;249.81027557025715;6509.2582443675465;0.0;0.0;0.695181229986295;;926.0346182446161;False
568;Neutrophil;MacCD163;500;600.0;8;4926.0;453.0;5319.619512195122;419.48075325394626;230.03141354935025;5467.682583612814;0.0;0.0;1.7111554727314509;;926.0346182446161;False
569;Neutrophil;MacCD163;600;700.0;9;3843.0;315.0;3699.0731707317073;327.2563001938521;205.2484707765141;4326.323213196484;0.0;-0.0;-0.7012321637465853;;926.0346182446161;False
570;Neutrophil;MacCD163;700;800.0;10;2948.0;273.0;3205.8634146341465;251.0412628080864;181.25182589492417;3374.815432815827;0.0;0.0;1.4226803694856889;;926.0346182446161;False
571;Neutrophil;MacCD163;800;900.0;11;2216.0;269.0;3158.891056910569;188.70672943782887;158.19160965693996;2588.5127733758736;269.0;80.29327056217113;5.960436580393592;;926.0346182446161;False
572;Neutrophil;MacCD163;900;1000.0;12;1845.0;266.0;3123.661788617886;157.11368042093602;144.82446271262324;2186.0355478065226;266.0;108.88631957906398;8.829045623011552;;926.0346182446161;False
573;Neutrophil;MacCD163;1000;1100.0;13;1570.0;162.0;1902.3804878048782;133.69565217391303;133.9240623321467;1885.3670664917133;162.0;28.304347826086968;2.4818578679351684;;926.0346182446161;False
574;Neutrophil;MacCD163;1100;1200.0;14;1207.0;110.0;1291.739837398374;102.78385488784271;117.80408067110505;1484.4074105507611;0.0;0.0;0.7193285403665898;;926.0346182446161;False
575;Neutrophil;MacCD163;1200;inf;15;2473.0;367.0;4309.713821138212;210.59194129050124;166.7262001396545;2865.6101981207003;367.0;156.40805870949876;11.016347878136303;;926.0346182446161;False
576;Neutrophil;T;0;50.0;0;84617906.0;105.0;1943.1390134529147;4572436.6957214065;;;0.0;-0.0;;;870.6684384340816;False
577;Neutrophil;T;50;100.0;1;3827.0;133.0;2461.3094170403588;206.79683605649404;257.1606301246337;4432.5670066102775;0.0;-0.0;-5.310651876602398;;870.6684384340816;False
578;Neutrophil;T;100;150.0;2;4199.0;188.0;3479.144138372838;226.89833148712268;268.439044290654;4831.125642364583;0.0;-0.0;-2.681636211041393;;870.6684384340816;False
579;Neutrophil;T;150;200.0;3;4159.0;183.0;3386.6137091607943;224.73688036554972;267.25710891906516;4788.342397259635;0.0;-0.0;-2.890049562996326;;870.6684384340816;False
580;Neutrophil;T;200;250.0;4;4170.0;160.0;2960.973734785394;225.33127942398227;267.5828525142096;4800.109464807021;0.0;-0.0;-4.5183248995763;;870.6684384340816;False
581;Neutrophil;T;250;300.0;5;3960.0;148.0;2738.9007046764896;213.98366103572417;261.2683791033322;4575.240016245272;0.0;-0.0;-4.673735488061351;;870.6684384340816;False
582;Neutrophil;T;300;400.0;6;7342.0;265.0;4904.112748238309;396.7343533647189;344.3915188524933;8152.980051932505;0.0;-0.0;-7.078824878976957;;870.6684384340816;False
583;Neutrophil;T;400;500.0;7;5921.0;230.0;4256.399743754004;319.9488022708391;313.60025017884755;6659.47215524787;0.0;-0.0;-5.308032296838627;;870.6684384340816;False
584;Neutrophil;T;500;600.0;8;4926.0;236.0;4367.436258808456;266.1827056217114;288.7707828406841;5606.003227852522;0.0;-0.0;-1.9342806626656055;;870.6684384340816;False
585;Neutrophil;T;600;700.0;9;3843.0;192.0;3553.168481742473;207.66141650512324;257.6594242867255;4449.741577101516;0.0;-0.0;-1.1248628652332942;;870.6684384340816;False
586;Neutrophil;T;700;800.0;10;2948.0;228.0;4219.387572069187;159.298947659928;227.5351476886513;3483.804326726314;228.0;68.70105234007201;5.587653533901037;;870.6684384340816;False
587;Neutrophil;T;800;900.0;11;2216.0;234.0;4330.424087123639;119.74439213514262;198.5864202397825;2683.63528305158;234.0;114.25560786485738;10.647375004648277;;870.6684384340816;False
588;Neutrophil;T;900;1000.0;12;1845.0;183.0;3386.6137091607943;99.6969329825533;181.80592305508532;2273.1202319154695;183.0;83.3030670174467;8.4794471118177;;870.6684384340816;False
589;Neutrophil;T;1000;1100.0;13;1570.0;108.0;1998.657270980141;84.83695652173913;168.12206526115057;1965.8972092889587;108.0;23.163043478260875;2.54967883195041;;870.6684384340816;False
590;Neutrophil;T;1100;1200.0;14;1207.0;84.0;1554.5112107623318;65.22178759346441;147.88578686851355;1555.2444152931505;0.0;0.0;2.3498621342922346;;870.6684384340816;False
591;Neutrophil;T;1200;inf;15;2473.0;445.0;8235.208199871877;133.63171559124896;209.30034985874477;2965.864659279363;445.0;311.36828440875104;27.530810167115096;;870.6684384340816;False
592;Neutrophil;Tumor;0;50.0;0;84617906.0;1102.0;2243.0562621102695;41572266.370292164;;;0.0;-0.0;;;277.5020628407256;False
593;Neutrophil;Tumor;50;100.0;1;3827.0;1779.0;3621.0499911925313;1880.1819959844918;85.28575163999561;4027.832597517393;0.0;-0.0;-2.414823166205015;;277.5020628407256;False
594;Neutrophil;Tumor;100;150.0;2;4199.0;2138.0;4351.773401444425;2062.9433501800054;89.02616878312531;4408.640606782812;0.0;0.0;1.7160504998995618;;277.5020628407256;False
595;Neutrophil;Tumor;150;200.0;3;4159.0;2273.0;4626.557970759204;2043.291591664359;88.63418713917383;4367.717560550351;2273.0;229.70840833564102;5.275142536423811;;277.5020628407256;False
596;Neutrophil;Tumor;200;250.0;4;4170.0;2327.0;4736.471798485115;2048.6958252561617;88.7422180120969;4378.971953815392;2327.0;278.3041747438383;6.38334054720039;;277.5020628407256;False
597;Neutrophil;Tumor;250;300.0;5;3960.0;2085.0;4243.895014972697;1945.524093049017;86.64806148900685;4164.040592057388;2085.0;139.47590695098302;3.276415076045471;;277.5020628407256;False
598;Neutrophil;Tumor;300;400.0;6;7342.0;3692.0;7514.849110445658;3607.08027554694;114.21534287553864;7610.956578853401;0.0;0.0;1.5133615685417414;;277.5020628407256;False
599;Neutrophil;Tumor;400;500.0;7;5921.0;3132.0;6375.0020081028715;2908.951554278593;104.00360676527866;6165.909777966394;3132.0;223.048445721407;4.3652525352076434;;277.5020628407256;False
600;Neutrophil;Tumor;500;600.0;8;4926.0;2330.0;4742.578122247666;2420.114061201883;95.76906563925293;5151.518915461197;0.0;-0.0;-1.9152518250857251;;277.5020628407256;False
601;Neutrophil;Tumor;600;700.0;9;3843.0;1843.0;3751.318231460278;1888.0426993907504;85.45117367604763;4044.222136643778;0.0;-0.0;-1.0729140934599082;;277.5020628407256;False
602;Neutrophil;Tumor;700;800.0;10;2948.0;1443.0;2937.1417297868593;1448.334602603157;75.46064141209754;3125.6962310081;0.0;-0.0;-0.14389316085776022;;277.5020628407256;False
603;Neutrophil;Tumor;800;900.0;11;2216.0;1011.0;2057.8311079795667;1088.7074217668237;65.85997284046752;2371.088384209927;0.0;-0.0;-2.4015936417642547;;277.5020628407256;False
604;Neutrophil;Tumor;900;1000.0;12;1845.0;926.0;1884.818601373965;906.437361534201;60.2948234838334;1986.9834589513337;0.0;0.0;0.6603983405746509;;277.5020628407256;False
605;Neutrophil;Tumor;1000;1100.0;13;1570.0;763.0;1553.041676942047;771.3315217391304;55.756655659602565;1701.2968903911205;0.0;-0.0;-0.3041488564429789;;277.5020628407256;False
606;Neutrophil;Tumor;1100;1200.0;14;1207.0;564.0;1147.9888673595208;592.9918132096373;49.04541758137962;1322.4931324375461;0.0;-0.0;-1.2031936019825662;;277.5020628407256;False
607;Neutrophil;Tumor;1200;inf;15;2473.0;977.0;1988.626105337326;1214.9699702298533;69.41318213276222;2636.4555526756126;0.0;-0.0;-6.9781254767465155;;277.5020628407256;False
608;Neutrophil;Tumor_CD15;0;50.0;0;84617906.0;112.0;5334.634789777411;1776542.508619496;;;0.0;-0.0;;;115.77378500914386;False
609;Neutrophil;Tumor_CD15;50;100.0;1;3827.0;137.0;6525.401483924155;80.34739338133481;412.5632410489306;4798.512189864957;137.0;56.65260661866519;6.540576608481998;;115.77378500914386;False
610;Neutrophil;Tumor_CD15;100;150.0;2;4199.0;145.0;6906.446826051113;88.1574875380781;430.6572202866172;5213.120254868236;145.0;56.8425124619219;6.28677913317978;;115.77378500914386;False
611;Neutrophil;Tumor_CD15;150;200.0;3;4159.0;117.0;5572.78812860676;87.31769246746053;428.7610393378587;5168.655089961093;117.0;29.68230753253947;3.2973801229470197;;115.77378500914386;False
612;Neutrophil;Tumor_CD15;200;250.0;4;4170.0;93.0;4429.652102225887;87.54863611188037;429.28363034760457;5180.885697746196;0.0;0.0;0.6048497633502543;;115.77378500914386;False
613;Neutrophil;Tumor_CD15;250;300.0;5;3960.0;87.0;4143.868095630668;83.13971199113818;419.1533097979687;4947.030615853324;0.0;0.0;0.4386654985959485;;115.77378500914386;False
614;Neutrophil;Tumor_CD15;300;400.0;6;7342.0;172.0;8192.474855729595;154.14438521185266;552.5079058123611;8643.056691645019;0.0;0.0;1.5392989797659613;;115.77378500914386;False
615;Neutrophil;Tumor_CD15;400;500.0;7;5921.0;98.0;4667.805441055235;124.31066532816395;503.1094205393587;7105.7321483299875;0.0;-0.0;-2.490898615258043;;115.77378500914386;False
616;Neutrophil;Tumor_CD15;500;600.0;8;4926.0;61.0;2905.4707337180544;103.4207629465522;463.2754633990818;6016.93034758316;0.0;-0.0;-4.3613992665555665;;115.77378500914386;False
617;Neutrophil;Tumor_CD15;600;700.0;9;3843.0;71.0;3381.777411376752;80.68331140958183;413.36345738075846;4816.396555323507;0.0;-0.0;-1.11577978262942;;115.77378500914386;False
618;Neutrophil;Tumor_CD15;700;800.0;10;2948.0;24.0;1143.1360263808738;61.89289670451399;365.03502864136476;3807.5918025831324;0.0;-0.0;-4.94435829990537;;115.77378500914386;False
619;Neutrophil;Tumor_CD15;800;900.0;11;2216.0;24.0;1143.1360263808738;46.52464691221268;318.5925354231799;2966.228088611737;0.0;-0.0;-3.3675113329132556;;115.77378500914386;False
620;Neutrophil;Tumor_CD15;900;1000.0;12;1845.0;23.0;1095.505358615004;38.73554763223484;291.6715549388193;2531.8340241352776;0.0;-0.0;-2.5696528464772954;;115.77378500914386;False
621;Neutrophil;Tumor_CD15;1000;1100.0;13;1570.0;15.0;714.4600164880462;32.96195652173913;269.71851835315573;2205.138573534059;0.0;-0.0;-3.1719734660256185;;115.77378500914386;False
622;Neutrophil;Tumor_CD15;1100;1200.0;14;1207.0;24.0;1143.1360263808738;25.340816255884796;237.2534221353228;1765.6891141964477;0.0;-0.0;-0.2691804107369207;;115.77378500914386;False
623;Neutrophil;Tumor_CD15;1200;inf;15;2473.0;10.0;476.3066776586974;51.92033024093049;335.7809111314948;3263.7036202711997;0.0;-0.0;-5.946417012250525;;115.77378500914386;False
624;Neutrophil;other;0;50.0;0;84617906.0;886.0;1973.1540685348648;37995747.981134035;;;0.0;-0.0;;;925.1211517711513;False
625;Neutrophil;other;50;100.0;1;3827.0;1462.0;3255.9269167020007;1718.4273919966768;89.2094440325605;4037.07218701394;0.0;-0.0;-6.401486854794922;;925.1211517711513;False
626;Neutrophil;other;100;150.0;2;4199.0;1732.0;3857.2266892803455;1885.465539324287;93.12194439014633;4418.285421282174;0.0;-0.0;-3.6701693994677713;;925.1211517711513;False
627;Neutrophil;other;150;200.0;3;4159.0;1656.0;3687.971938480515;1867.5044482137912;92.71192907275207;4377.319908994004;0.0;-0.0;-5.080555072366839;;925.1211517711513;False
628;Neutrophil;other;200;250.0;4;4170.0;1677.0;3734.739698569942;1872.4437482691776;92.82493005974577;4388.586005983285;0.0;-0.0;-4.68904529365018;;925.1211517711513;False
629;Neutrophil;other;250;300.0;5;3960.0;1703.0;3792.6426396330417;1778.148019939075;90.63442888516958;4173.42776990873;0.0;-0.0;-1.8465097913177544;;925.1211517711513;False
630;Neutrophil;other;300;400.0;6;7342.0;3111.0;6928.309601819373;3296.758273331487;119.4699822887742;7623.330309073098;0.0;-0.0;-3.462714150075662;;925.1211517711513;False
631;Neutrophil;other;400;500.0;7;5921.0;2584.0;5754.661527194234;2658.6905116311273;108.78844072425923;6177.177200885147;0.0;-0.0;-1.5290087044024863;;925.1211517711513;False
632;Neutrophil;other;500;600.0;8;4926.0;2240.0;4988.561076205528;2211.9083702575463;100.17505781339663;5161.894234151121;0.0;0.0;0.6245174953835778;;925.1211517711513;False
633;Neutrophil;other;600;700.0;9;3843.0;1814.0;4039.8436572485834;1725.6118284408751;89.38247654482852;4053.479647442271;0.0;0.0;2.2022622873943227;;925.1211517711513;False
634;Neutrophil;other;700;800.0;10;2948.0;1536.0;3420.7275951123615;1323.7324148435337;78.93231562441537;3133.871399033083;1536.0;212.26758515646634;5.989024791338281;;925.1211517711513;False
635;Neutrophil;other;800;900.0;11;2216.0;1302.0;2899.601125544463;995.0444475214622;68.88995463038572;2378.223446064905;1302.0;306.9555524785378;9.923088630442248;;925.1211517711513;False
636;Neutrophil;other;900;1000.0;12;1845.0;1122.0;2498.734610492233;828.4553274716145;63.06877265664709;1993.5156100673723;1122.0;293.5446725283855;10.365424646064254;;925.1211517711513;False
637;Neutrophil;other;1000;1100.0;13;1570.0;882.0;1964.2459237559265;704.9728260869565;58.321819962426716;1707.3373907102086;882.0;177.0271739130435;6.759835752895155;;925.1211517711513;False
638;Neutrophil;other;1100;1200.0;14;1207.0;686.0;1527.7468295879428;541.975924259208;51.30182182421895;1327.806558378277;686.0;144.024075740792;6.252152812174055;;925.1211517711513;False
639;Neutrophil;other;1200;inf;15;2473.0;1550.0;3451.9061018386465;1110.444457906397;72.6066343735034;2643.975558024959;1550.0;439.555542093603;13.4823230726128;;925.1211517711513;False
640;T;B;0;50.0;0;84628453.0;6.0;7703.466666666666;65914.57326571587;;;0.0;-0.0;;;861.5197713936573;False
641;T;B;50;100.0;1;9305.0;5.0;6419.555555555556;7.247386458044863;3165.8688644141066;16760.05146186171;0.0;-0.0;-0.9114226040371514;;861.5197713936573;False
642;T;B;100;150.0;2;8101.0;11.0;14123.022222222222;6.309626834671836;2990.418681203167;15142.897853532235;0.0;0.0;2.0137722721151934;;861.5197713936573;False
643;T;B;150;200.0;3;7065.0;4.0;5135.644444444444;5.502717391304348;2821.6355186309943;13709.443879043563;0.0;-0.0;-0.6837720686517456;;861.5197713936573;False
644;T;B;200;250.0;4;5774.0;3.0;3851.733333333333;4.49719606757131;2583.105572755399;11856.748781155566;0.0;-0.0;-0.7441688357383647;;861.5197713936573;False
645;T;B;250;300.0;5;4437.0;2.0;2567.822222222222;3.455846718360565;2293.3001111934736;9837.309071110096;0.0;-0.0;-0.8150602568998372;;861.5197713936573;False
646;T;B;300;400.0;6;5585.0;5.0;6419.555555555556;4.349989615065079;2545.08997876303;11578.228898398576;0.0;0.0;0.3279080749676159;;861.5197713936573;False
647;T;B;400;500.0;7;2181.0;3.0;3851.733333333333;1.6987157297147604;1641.4945425840845;6046.424252685911;0.0;0.0;1.0178122984821016;;861.5197713936573;False
648;T;B;500;600.0;8;823.0;2.0;2567.822222222222;0.6410101080033231;1020.591538711197;3226.3094131461066;0.0;0.0;1.709618545755909;;861.5197713936573;False
649;T;B;600;700.0;9;410.0;0.0;0.0;0.3193367488230407;722.957813430355;2112.4355507775454;0.0;-0.0;-0.567114695191681;;861.5197713936573;False
650;T;B;700;800.0;10;236.0;1.0;1283.911111111111;0.18381334810301855;549.3317152079728;1529.577334342967;0.0;0.0;1.9076107970834706;;861.5197713936573;False
651;T;B;800;900.0;11;71.0;2.0;2567.822222222222;0.055299778454721685;301.73774484917635;781.5380899132746;2.0;1.9447002215452782;8.274809051384205;;861.5197713936573;False
652;T;B;900;1000.0;12;58.0;1.0;1283.911111111111;0.04517446690667405;272.74913178393234;700.2751227895919;1.0;0.954825533093326;4.494647162001817;;861.5197713936573;False
653;T;B;1000;1100.0;13;8.0;0.0;0.0;0.006230960952644696;101.34035063422004;246.63828904392625;0.0;-0.0;-0.0789419017196355;;861.5197713936573;False
654;T;B;1100;1200.0;14;5.0;0.0;0.0;0.0038943505954029353;80.11866199581718;193.6650312488096;0.0;-0.0;-0.06240743261864557;;861.5197713936573;False
655;T;B;1200;inf;15;0.0;0.0;0.0;0.0;0.0;0.0;0.0;0.0;;;861.5197713936573;False
656;T;BnT;0;50.0;0;84628453.0;1.0;7222.0;11718.146358349488;;;0.0;-0.0;;;246.08153598544325;False
657;T;BnT;50;100.0;1;9305.0;0.0;0.0;1.2884242592079755;7508.517288719524;26986.20701993817;0.0;-0.0;-1.2392593160808771;;246.08153598544325;False
658;T;BnT;100;150.0;2;8101.0;0.0;0.0;1.121711437274993;7092.400642589221;24802.327200559484;0.0;-0.0;-1.1422084577899099;;246.08153598544325;False
659;T;BnT;150;200.0;3;7065.0;1.0;7222.0;0.9782608695652174;6692.096224278309;22823.682332206496;0.0;0.0;0.02346051143592623;;246.08153598544325;False
660;T;BnT;200;250.0;4;5774.0;3.0;21666.0;0.7995015231237884;6126.372784935634;20200.50543729851;3.0;2.2004984768762115;2.594030849555455;;246.08153598544325;False
661;T;BnT;250;300.0;5;4437.0;3.0;21666.0;0.6143727499307671;5439.038782266587;17244.957550182084;3.0;2.385627250069233;3.167655295302056;;246.08153598544325;False
662;T;BnT;300;400.0;6;5585.0;0.0;0.0;0.7733314871226807;6036.210887220558;19799.190393261022;0.0;-0.0;-0.9252493168892044;;246.08153598544325;False
663;T;BnT;400;500.0;7;2181.0;0.0;0.0;0.3019939075048463;3893.146140976472;11348.658571006283;0.0;-0.0;-0.5602152914436871;;246.08153598544325;False
664;T;BnT;500;600.0;8;823.0;0.0;0.0;0.11395735253392413;2420.5453672674676;6522.948750748234;0.0;-0.0;-0.3400060214236255;;246.08153598544325;False
665;T;BnT;600;700.0;9;410.0;0.0;0.0;0.05677097756854057;1714.645006991243;4447.680432575211;0.0;-0.0;-0.23911655084771372;;246.08153598544325;False
666;T;BnT;700;800.0;10;236.0;0.0;0.0;0.03267792855164774;1302.8545582681131;3303.9880295696958;0.0;-0.0;-0.18114071022149641;;246.08153598544325;False
667;T;BnT;800;900.0;11;71.0;0.0;0.0;0.009831071725283854;715.6338973246027;1756.1890463235948;0.0;-0.0;-0.09921274029281382;;246.08153598544325;False
668;T;BnT;900;1000.0;12;58.0;0.0;0.0;0.008031016338964275;646.8813647029879;1581.2892043595718;0.0;-0.0;-0.08966095356082857;;246.08153598544325;False
669;T;BnT;1000;1100.0;13;8.0;0.0;0.0;0.0011077263915812794;240.3497451631684;573.9803977283094;0.0;-0.0;-0.03328482830122815;;246.08153598544325;False
670;T;BnT;1100;1200.0;14;5.0;0.0;0.0;0.0006923289947382996;190.01809124396547;452.4584101798098;0.0;-0.0;-0.02631328399978751;;246.08153598544325;False
671;T;BnT;1200;inf;15;0.0;0.0;0.0;0.0;0.0;0.0;0.0;0.0;;;246.08153598544325;False
672;T;DC;0;50.0;0;84628453.0;51.0;8691.964601769912;496556.45193505957;;;0.0;-0.0;;;555.0982653513506;False
673;T;DC;50;100.0;1;9305.0;56.0;9544.117994100296;54.59697798393797;1153.4514769744385;12021.170658949963;0.0;0.0;0.20730650475866935;;555.0982653513506;False
674;T;DC;100;150.0;2;8101.0;42.0;7158.088495575221;47.53252215452783;1089.5280228999923;10666.642427947841;0.0;-0.0;-0.8654311634087534;;555.0982653513506;False
675;T;DC;150;200.0;3;7065.0;27.0;4601.628318584071;41.453804347826086;1028.0336286293948;9485.834195662403;0.0;-0.0;-2.3961975686536343;;555.0982653513506;False
676;T;DC;200;250.0;4;5774.0;43.0;7328.519174041298;33.87887704237053;941.1277174384853;7990.186413958369;0.0;0.0;1.6517621840660601;;555.0982653513506;False
677;T;DC;250;300.0;5;4437.0;24.0;4090.336283185841;26.034045278316256;835.5401040564874;6404.546585459462;0.0;-0.0;-0.4148977591035208;;555.0982653513506;False
678;T;DC;300;400.0;6;5585.0;39.0;6646.796460176991;32.76992176682359;927.2771301537609;7768.5707733848485;0.0;0.0;1.14506917689313;;555.0982653513506;False
679;T;DC;400;500.0;7;2181.0;28.0;4772.058997050148;12.796991830517863;598.0615071810603;3589.327225271382;28.0;15.203008169482137;4.332428965814911;;555.0982653513506;False
680;T;DC;500;600.0;8;823.0;14.0;2386.029498525074;4.8289428136250345;371.84193917390974;1698.6208519499016;14.0;9.171057186374966;4.203478235934135;;555.0982653513506;False
681;T;DC;600;700.0;9;410.0;5.0;852.1533923303834;2.4056701744669065;263.4021791189317;1030.264731294093;0.0;0.0;1.6786246560653613;;555.0982653513506;False
682;T;DC;700;800.0;10;236.0;6.0;1022.5840707964602;1.3847272223760732;200.1433114864031;707.3014817670551;6.0;4.615272777623927;3.9301042086030313;;555.0982653513506;False
683;T;DC;800;900.0;11;71.0;1.0;170.4306784660767;0.4165916643589033;109.93501700823889;329.87718170181927;0.0;0.0;0.9044495664072626;;555.0982653513506;False
684;T;DC;900;1000.0;12;58.0;3.0;511.2920353982301;0.3403143173636112;99.37331657541496;292.0062778129934;3.0;2.659685682636389;4.561506559502059;;555.0982653513506;False
685;T;DC;1000;1100.0;13;8.0;0.0;0.0;0.04693990584325672;36.92230541513005;94.945384900303;0.0;-0.0;-0.21667119401275942;;555.0982653513506;False
686;T;DC;1100;1200.0;14;5.0;0.0;0.0;0.029337441152035446;29.190403320572656;73.73814686182247;0.0;-0.0;-0.17128917148178377;;555.0982653513506;False
687;T;DC;1200;inf;15;0.0;0.0;0.0;0.0;0.0;0.0;0.0;0.0;;;555.0982653513506;False
688;T;MacCD163;0;50.0;0;84628453.0;1312.0;15406.933333333332;7206660.010384935;;;0.0;-0.0;;;266.9381095272587;False
689;T;MacCD163;50;100.0;1;9305.0;937.0;11003.274796747968;792.380919412905;302.77263968440644;10017.975081015773;937.0;144.61908058709503;5.609076165264327;;266.9381095272587;False
690;T;MacCD163;100;150.0;2;8101.0;660.0;7750.4390243902435;689.8525339241207;285.9931970167077;8774.46251307743;0.0;-0.0;-1.2257668338498162;;266.9381095272587;False
691;T;MacCD163;150;200.0;3;7065.0;539.0;6329.525203252033;601.6304347826087;269.8513649147276;7700.451403280162;0.0;-0.0;-2.725481106906298;;266.9381095272587;False
692;T;MacCD163;200;250.0;4;5774.0;373.0;4380.172357723577;491.6934367211299;247.0391940859469;6355.732846141879;0.0;-0.0;-5.6421315954888485;;266.9381095272587;False
693;T;MacCD163;250;300.0;5;4437.0;285.0;3346.7804878048782;377.83924120742176;219.32321204437852;4953.4666960626755;0.0;-0.0;-4.970835061336433;;266.9381095272587;False
694;T;MacCD163;300;400.0;6;5585.0;394.0;4626.777235772358;475.5988645804486;243.40351546652613;6158.171477251576;0.0;-0.0;-3.9367663297345468;;266.9381095272587;False
695;T;MacCD163;400;500.0;7;2181.0;215.0;2524.7642276422766;185.7262531154805;156.9868042458253;2550.6756734434193;0.0;0.0;2.1897651162066905;;266.9381095272587;False
696;T;MacCD163;500;600.0;8;823.0;97.0;1139.079674796748;70.08377180836334;97.60580979476097;1052.8441174161812;97.0;26.916228191636662;3.2383284915250363;;266.9381095272587;False
697;T;MacCD163;600;700.0;9;410.0;41.0;481.46666666666664;34.91415120465245;69.1411599555576;572.8149894000383;0.0;0.0;1.033634187112334;;266.9381095272587;False
698;T;MacCD163;700;800.0;10;236.0;25.0;293.5772357723577;20.09692605926336;52.536166404561776;359.7132177385436;0.0;0.0;1.095954267560684;;266.9381095272587;False
699;T;MacCD163;800;900.0;11;71.0;15.0;176.14634146341464;6.046109111049571;28.857143935212317;138.95338098098125;15.0;8.95389088895043;3.643684964093486;;266.9381095272587;False
700;T;MacCD163;900;1000.0;12;58.0;19.0;223.11869918699188;4.93907504846303;26.084774240051832;119.424949250581;19.0;14.06092495153697;6.330079672817739;;266.9381095272587;False
701;T;MacCD163;1000;1100.0;13;8.0;8.0;93.94471544715446;0.6812517308224868;9.691837148707833;30.82253239095281;8.0;7.318748269177513;8.86774242369653;;266.9381095272587;False
702;T;MacCD163;1100;1200.0;14;5.0;0.0;0.0;0.4257823317640543;7.662268975548858;23.043264574041206;0.0;-0.0;-0.6525482224593719;;266.9381095272587;False
703;T;MacCD163;1200;inf;15;0.0;0.0;0.0;0.0;0.0;0.0;0.0;0.0;;;266.9381095272587;False
704;T;Neutrophil;0;50.0;0;84628453.0;46.0;6342.949880668258;613737.9155185544;;;0.0;-0.0;;;455.3218895900496;False
705;T;Neutrophil;50;100.0;1;9305.0;71.0;9790.205250596659;67.48122057601772;1037.5097032067747;11748.148646025424;0.0;0.0;0.4676633376024991;;455.3218895900496;False
706;T;Neutrophil;100;150.0;2;8101.0;40.0;5515.6085918854415;58.749636527277765;980.0116591289308;10408.751099280844;0.0;-0.0;-2.638123112139856;;455.3218895900496;False
707;T;Neutrophil;150;200.0;3;7065.0;26.0;3585.145584725537;51.23641304347826;924.6985124364307;9242.498592695607;0.0;-0.0;-3.7632313326703755;;455.3218895900496;False
708;T;Neutrophil;200;250.0;4;5774.0;39.0;5377.718377088306;41.87389227360842;846.5281446953411;7767.421443811449;0.0;-0.0;-0.46812575033085635;;455.3218895900496;False
709;T;Neutrophil;250;300.0;5;4437.0;53.0;7308.18138424821;32.17777277762393;751.5539081460771;6206.774207823732;53.0;20.82222722237607;3.820326596838277;;455.3218895900496;False
710;T;Neutrophil;300;400.0;6;5585.0;67.0;9238.644391408114;40.5032366380504;834.0697803949134;7549.084237828504;67.0;26.496763361949597;4.380502060245121;;455.3218895900496;False
711;T;Neutrophil;400;500.0;7;2181.0;31.0;4274.596658711217;15.816930905566325;537.9460074405619;3447.7660414654033;31.0;15.183069094433675;3.891834179924721;;455.3218895900496;False
712;T;Neutrophil;500;600.0;8;823.0;8.0;1103.1217183770882;5.9685163389642755;334.46540895166254;1610.6058493688488;0.0;0.0;0.8375207446865509;;455.3218895900496;False
713;T;Neutrophil;600;700.0;9;410.0;24.0;3309.365155131265;2.9733799501523124;236.92571567772745;967.9174244612161;24.0;21.026620049847686;12.237443904464373;;455.3218895900496;False
714;T;Neutrophil;700;800.0;10;236.0;10.0;1378.9021479713604;1.7115065078925504;180.02545563837438;659.927551553074;10.0;8.288493492107449;6.348558563113218;;455.3218895900496;False
715;T;Neutrophil;800;900.0;11;71.0;2.0;275.78042959427205;0.514902381611742;98.88465110594099;303.85555857016163;0.0;0.0;2.0709020793821544;;455.3218895900496;False
716;T;Neutrophil;900;1000.0;12;58.0;2.0;275.78042959427205;0.4206244807532539;89.38458378610795;268.4846096162754;2.0;1.579375519246746;2.4364428447237367;;455.3218895900496;False
717;T;Neutrophil;1000;1100.0;13;8.0;0.0;0.0;0.05801716975906951;33.210976705707054;86.20587366165489;0.0;-0.0;-0.240884213400001;;455.3218895900496;False
718;T;Neutrophil;1100;1200.0;14;5.0;0.0;0.0;0.03626073109941844;26.256264169042755;66.82877717288976;0.0;-0.0;-0.19043074703274854;;455.3218895900496;False
719;T;Neutrophil;1200;inf;15;0.0;0.0;0.0;0.0;0.0;0.0;0.0;0.0;;;455.3218895900496;False
720;T;Tumor;0;50.0;0;84628453.0;5990.0;12192.29311255945;41577448.04771878;;;0.0;-0.0;;;655.4636467505891;False
721;T;Tumor;50;100.0;1;9305.0;4542.0;9244.974176501673;4571.4903247022985;126.0534479021711;9601.833185865296;0.0;-0.0;-0.4761934282425351;;655.4636467505891;False
722;T;Tumor;100;150.0;2;8101.0;3823.0;7781.491914743703;3979.9723933813348;119.06765617295508;8381.382903470927;0.0;-0.0;-2.6834162653893716;;655.4636467505891;False
723;T;Tumor;150;200.0;3;7065.0;3154.0;6419.7817156949095;3470.991847826087;112.34732109236973;7329.5577237138405;0.0;-0.0;-5.743067818898902;;655.4636467505891;False
724;T;Tumor;200;250.0;4;5774.0;2638.0;5369.494028536199;2836.7313417335918;102.84992136002121;6016.193056448435;0.0;-0.0;-3.932973074892758;;655.4636467505891;False
725;T;Tumor;250;300.0;5;4437.0;2133.0;4341.596195173507;2179.871313348103;91.3109160457498;4652.02077543467;0.0;-0.0;-1.044823652614463;;655.4636467505891;False
726;T;Tumor;300;400.0;6;5585.0;2814.0;5727.731689272503;2743.8767827471615;101.33627790161663;5823.628698491553;0.0;0.0;1.408495478895283;;655.4636467505891;False
727;T;Tumor;400;500.0;7;2181.0;1383.0;2815.0152545358465;1071.5121330656327;65.35837574675226;2334.9072133191166;1383.0;311.4878669343673;9.700596859880678;;655.4636467505891;False
728;T;Tumor;500;600.0;8;823.0;759.0;1544.8999119253126;404.3349314594295;40.636263807514666;918.6910885691012;759.0;354.6650685405705;17.76491843208812;;655.4636467505891;False
729;T;Tumor;600;700.0;9;410.0;383.0;779.5740003522988;201.430524785378;28.7855653451319;477.7848262822648;383.0;181.569475214622;12.838865449443036;;655.4636467505891;False
730;T;Tumor;700;800.0;10;236.0;328.0;667.6247313722037;115.94537524231515;21.872402082830234;287.50557085762534;328.0;212.05462475768485;19.733759910669697;;655.4636467505891;False
731;T;Tumor;800;900.0;11;71.0;249.0;506.82487229170334;34.88187136527278;12.014105678222156;99.29105687419768;249.0;214.1181286347272;36.276097777441606;;655.4636467505891;False
732;T;Tumor;900;1000.0;12;58.0;178.0;362.30854324467145;28.49504984768762;10.85988395165289;83.57307241606215;178.0;149.50495015231238;28.02134392958732;;655.4636467505891;False
733;T;Tumor;1000;1100.0;13;8.0;11.0;22.389853796019025;3.930351703129327;4.035006235617562;17.50171356545711;11.0;7.069648296870673;3.5662531742820573;;655.4636467505891;False
734;T;Tumor;1100;1200.0;14;5.0;0.0;0.0;2.4564698144558292;3.190035348400451;12.51195918277067;0.0;-0.0;-1.5673807509710205;;655.4636467505891;False
735;T;Tumor;1200;inf;15;0.0;0.0;0.0;0.0;0.0;0.0;0.0;0.0;;;655.4636467505891;False
736;T;Tumor_CD15;0;50.0;0;84628453.0;184.0;8764.042868920033;1776763.941584741;;;0.0;-0.0;;;529.224650310189;False
737;T;Tumor_CD15;50;100.0;1;9305.0;153.0;7287.492168178071;195.35732830240931;609.7738251922019;10740.907626497796;0.0;-0.0;-3.3086166517331357;;529.224650310189;False
738;T;Tumor_CD15;100;150.0;2;8101.0;143.0;6811.185490519373;170.07949667682084;575.9805968782407;9457.330655077772;0.0;-0.0;-2.2393367354235494;;529.224650310189;False
739;T;Tumor_CD15;150;200.0;3;7065.0;128.0;6096.725474031327;148.3288043478261;543.4714946136028;8344.777569419042;0.0;-0.0;-1.7816473091327378;;529.224650310189;False
740;T;Tumor_CD15;200;250.0;4;5774.0;104.0;4953.589447650454;121.22441844364442;497.5285564349653;6945.5902176683685;0.0;-0.0;-1.6489717861185456;;529.224650310189;False
741;T;Tumor_CD15;250;300.0;5;4437.0;124.0;5906.202802967849;93.15426820825256;441.70950882861075;5477.146405470387;124.0;30.84573179174744;3.3261742697459544;;529.224650310189;False
742;T;Tumor_CD15;300;400.0;6;5585.0;138.0;6573.032151690025;117.25638673497646;490.20642303069036;6739.347911155591;0.0;0.0;2.015543055477605;;529.224650310189;False
743;T;Tumor_CD15;400;500.0;7;2181.0;115.0;5477.526793075021;45.789826225422324;316.1660981965091;2925.5142655923632;115.0;69.21017377457767;10.426566326621476;;529.224650310189;False
744;T;Tumor_CD15;500;600.0;8;823.0;42.0;2000.4880461665293;17.278783577956244;196.57478978804568;1285.8982553406352;42.0;24.721216422043756;5.990025717113274;;529.224650310189;False
745;T;Tumor_CD15;600;700.0;9;410.0;39.0;1857.59604286892;8.607899473829963;139.24795063474693;737.9038653841822;39.0;30.392100526170037;10.395815782352328;;529.224650310189;False
746;T;Tumor_CD15;700;800.0;10;236.0;24.0;1143.1360263808738;4.954790916643589;105.8060569238865;485.15422373005356;24.0;19.04520908335641;8.573573694684024;;529.224650310189;False
747;T;Tumor_CD15;800;900.0;11;71.0;15.0;714.4600164880462;1.4906362503461645;58.11730894785544;207.85580407366655;15.0;13.509363749653836;11.071744857721775;;529.224650310189;False
748;T;Tumor_CD15;900;1000.0;12;58.0;4.0;190.52267106347898;1.2177028523954583;52.53385043051038;181.7077640364236;4.0;2.7822971476045417;2.522614846950435;;529.224650310189;False
749;T;Tumor_CD15;1000;1100.0;13;8.0;0.0;0.0;0.1679590141235115;19.5190312356742;53.96380601335082;0.0;-0.0;-0.4098564064685086;;529.224650310189;False
750;T;Tumor_CD15;1100;1200.0;14;5.0;0.0;0.0;0.10497438382719468;15.431549785152512;41.338522759970175;0.0;-0.0;-0.3240115263608038;;529.224650310189;False
751;T;Tumor_CD15;1200;inf;15;0.0;0.0;0.0;0.0;0.0;0.0;0.0;0.0;;;529.224650310189;False
752;T;other;0;50.0;0;84628453.0;6314.0;14061.506533554331;38000483.871832594;;;0.0;-0.0;;;487.8716547289526;False
753;T;other;50;100.0;1;9305.0;4543.0;10117.425432679336;4178.198819579064;131.85271618649233;9615.48941906773;4543.0;364.80118042093636;6.161613170943271;;487.8716547289526;False
754;T;other;100;150.0;2;8101.0;3342.0;7442.754962803068;3637.569977153143;124.54553316580163;8394.282318017897;0.0;-0.0;-5.285175794467401;;487.8716547289526;False
755;T;other;150;200.0;3;7065.0;2773.0;6175.571367999075;3172.3777173913045;117.51601950468988;7341.729078341892;0.0;-0.0;-7.568573508103118;;487.8716547289526;False
756;T;other;200;250.0;4;5774.0;2100.0;4676.776008942682;2592.683501800055;107.58167837987683;6027.335492727007;0.0;-0.0;-10.198985622653698;;487.8716547289526;False
757;T;other;250;300.0;5;4437.0;1797.0;4001.984041938095;1992.3340314317363;95.51180470249962;4661.913112250528;0.0;-0.0;-4.554577933239706;;487.8716547289526;False
758;T;other;300;400.0;6;5585.0;2287.0;5093.231777358054;2507.817346302963;105.99839759977908;5834.60715140912;0.0;-0.0;-4.6393929887386385;;487.8716547289526;False
759;T;other;400;500.0;7;2181.0;1179.0;2625.675673592106;979.3284927997785;68.36528084844414;2341.987933726087;1179.0;199.67150720022153;6.5044079110548365;;487.8716547289526;False
760;T;other;500;600.0;8;823.0;711.0;1583.422734456308;369.5494495984492;42.50579296212473;923.0934932971468;711.0;341.4505504015508;17.889861156899045;;487.8716547289526;False
761;T;other;600;700.0;9;410.0;425.0;946.4903827622095;184.101183882581;30.10988624972022;480.90336369444293;425.0;240.898816117419;17.817748573101785;;487.8716547289526;False
762;T;other;700;800.0;10;236.0;239.0;532.261650541572;105.97043755192468;22.87867307193734;289.8751579535078;239.0;133.02956244807532;12.949249705611745;;487.8716547289526;False
763;T;other;800;900.0;11;71.0;145.0;322.92024823651855;31.88093672112988;12.566831709788305;100.59262721274006;145.0;113.11906327887012;20.046440825677475;;487.8716547289526;False
764;T;other;900;1000.0;12;58.0;78.0;173.7088231892996;26.043582110218775;11.359508369868783;84.74959801106385;78.0;51.95641788978122;10.186076670027242;;487.8716547289526;False
765;T;other;1000;1100.0;13;8.0;10.0;22.270361947346103;3.5922182220991417;4.220642440566243;17.938853421953738;10.0;6.407781777900858;3.381087630211951;;487.8716547289526;False
766;T;other;1100;1200.0;14;5.0;0.0;0.0;2.2451363888119635;3.3367974650241865;12.857557556847413;0.0;-0.0;-1.4984427590853968;;487.8716547289526;False
767;T;other;1200;inf;15;0.0;0.0;0.0;0.0;0.0;0.0;0.0;0.0;;;487.8716547289526;False
768;Tumor;B;0;50.0;0;84660004.0;25.0;32097.777777777777;65939.14739684298;;;0.0;-0.0;;;443.9592102965927;False
769;Tumor;B;50;100.0;1;4604.0;5.0;6419.555555555556;3.585918028247023;2332.3992797117735;10096.380576881033;0.0;0.0;0.7784068411219511;;443.9592102965927;False
770;Tumor;B;100;150.0;2;2233.0;3.0;3851.733333333333;1.739216975906951;1660.1708011192368;6142.403480650668;0.0;0.0;0.9750402381743085;;443.9592102965927;False
771;Tumor;B;150;200.0;3;1389.0;1.0;1283.911111111111;1.0818505954029354;1319.2720467490142;4495.648260533586;0.0;-0.0;-0.07965672368170905;;443.9592102965927;False
772;Tumor;B;200;250.0;4;935.0;1.0;1283.911111111111;0.728243561340349;1086.7518882737984;3494.105130482375;0.0;0.0;0.32105866562175756;;443.9592102965927;False
773;Tumor;B;250;300.0;5;735.0;2.0;2567.822222222222;0.5724695375242315;965.2303697390932;3007.9438227342516;0.0;0.0;1.8988443377694832;;443.9592102965927;False
774;Tumor;B;300;400.0;6;1044.0;3.0;3851.733333333333;0.8131404043201329;1147.249929178468;3745.5671298897933;3.0;2.1868595956798673;2.4473597791755086;;443.9592102965927;False
775;Tumor;B;400;500.0;7;667.0;2.0;2567.822222222222;0.5195063694267515;920.0447211352766;2833.5397516542594;0.0;0.0;2.0660106824771827;;443.9592102965927;False
776;Tumor;B;500;600.0;8;351.0;2.0;2567.822222222222;0.2733834117972861;669.2645216952711;1926.9975111160752;2.0;1.726616588202714;3.3123259195137544;;443.9592102965927;False
777;Tumor;B;600;700.0;9;236.0;1.0;1283.911111111111;0.18381334810301855;549.3317152079728;1529.577334342967;0.0;0.0;1.9076107970834706;;443.9592102965927;False
778;Tumor;B;700;800.0;10;188.0;0.0;0.0;0.14642758238715037;490.4996092421141;1343.038311923178;0.0;-0.0;-0.38328267027670937;;443.9592102965927;False
779;Tumor;B;800;900.0;11;102.0;0.0;0.0;0.07944475214621988;361.56290370187776;953.4155731767765;0.0;-0.0;-0.2821085873458491;;443.9592102965927;False
780;Tumor;B;900;1000.0;12;24.0;0.0;0.0;0.01869288285793409;175.50232667023724;437.27639679264445;0.0;-0.0;-0.1367503238010922;;443.9592102965927;False
781;Tumor;B;1000;1100.0;13;0.0;0.0;0.0;0.0;0.0;0.0;0.0;0.0;;;443.9592102965927;False
782;Tumor;B;1100;1200.0;14;0.0;0.0;0.0;0.0;0.0;0.0;0.0;0.0;;;443.9592102965927;False
783;Tumor;B;1200;inf;15;0.0;0.0;0.0;0.0;0.0;0.0;0.0;0.0;;;443.9592102965927;False
784;Tumor;BnT;0;50.0;0;84660004.0;0.0;0.0;11722.515092772086;;;0.0;-0.0;;;555.4773164041626;False
785;Tumor;BnT;50;100.0;1;4604.0;1.0;7222.0;0.6374965383550263;5531.77060261902;17630.3242995602;0.0;0.0;0.4732661905322875;;555.4773164041626;False
786;Tumor;BnT;100;150.0;2;2233.0;0.0;0.0;0.3091941290501246;3937.440777332403;11504.964468584585;0.0;-0.0;-0.5671196409747264;;555.4773164041626;False
787;Tumor;BnT;150;200.0;3;1389.0;0.0;0.0;0.19232899473829965;3128.928390839266;8757.063294214735;0.0;-0.0;-0.44392195234210247;;555.4773164041626;False
788;Tumor;BnT;200;250.0;4;935.0;0.0;0.0;0.12946552201606204;2577.4584138255263;7004.450738110025;0.0;-0.0;-0.36276046006587176;;555.4773164041626;False
789;Tumor;BnT;250;300.0;5;735.0;0.0;0.0;0.10177236222653005;2289.2448263564993;6125.759605087679;0.0;-0.0;-0.3210665768631686;;555.4773164041626;False
790;Tumor;BnT;300;400.0;6;1044.0;0.0;0.0;0.14455829410135695;2720.9421162531185;7451.329036721775;0.0;-0.0;-0.38369063191893377;;555.4773164041626;False
791;Tumor;BnT;400;500.0;7;667.0;2.0;14444.0;0.09235668789808917;2182.0776510014484;5805.400192392259;2.0;1.9076433121019107;6.313707485926153;;555.4773164041626;False
792;Tumor;BnT;500;600.0;8;351.0;3.0;21666.0;0.04860149543062863;1587.3001842751735;4088.806291412498;3.0;2.9513985045693714;13.428461869506622;;555.4773164041626;False
793;Tumor;BnT;600;700.0;9;236.0;2.0;14444.0;0.03267792855164774;1302.8545582681131;3303.9880295696958;2.0;1.9673220714483524;10.90528479163992;;555.4773164041626;False
794;Tumor;BnT;700;800.0;10;188.0;0.0;0.0;0.026031570202160067;1163.3219674707427;2927.413887824947;0.0;-0.0;-0.1616061634327628;;555.4773164041626;False
795;Tumor;BnT;800;900.0;11;102.0;0.0;0.0;0.014123511492661313;857.5217198415443;2121.3093349322826;0.0;-0.0;-0.1189474244673918;;555.4773164041626;False
796;Tumor;BnT;900;1000.0;12;24.0;0.0;0.0;0.003323179174743838;416.2403152026483;1004.1710377891967;0.0;-0.0;-0.057658999196931474;;555.4773164041626;False
797;Tumor;BnT;1000;1100.0;13;0.0;0.0;0.0;0.0;0.0;0.0;0.0;0.0;;;555.4773164041626;False
798;Tumor;BnT;1100;1200.0;14;0.0;0.0;0.0;0.0;0.0;0.0;0.0;0.0;;;555.4773164041626;False
799;Tumor;BnT;1200;inf;15;0.0;0.0;0.0;0.0;0.0;0.0;0.0;0.0;;;555.4773164041626;False
800;Tumor;DC;0;50.0;0;84660004.0;225.0;38346.902654867255;496741.5770562171;;;0.0;-0.0;;;190.48026043724707;False
801;Tumor;DC;50;100.0;1;4604.0;46.0;7839.811209439528;27.01391581279424;849.7854804783726;6605.091883406729;46.0;18.98608418720576;3.8077977133923047;;190.48026043724707;False
802;Tumor;DC;100;150.0;2;2233.0;21.0;3579.0442477876104;13.102101218499032;604.8660082246355;3657.3506007252267;0.0;0.0;2.22535938453284;;190.48026043724707;False
803;Tumor;DC;150;200.0;3;1389.0;5.0;852.1533923303834;8.149941152035447;480.66308366671973;2520.87506432478;0.0;-0.0;-1.1168875370546516;;190.48026043724707;False
804;Tumor;DC;200;250.0;4;935.0;8.0;1363.4454277286136;5.486101495430629;395.94677616760833;1867.3834052848665;0.0;0.0;1.0820783335466488;;190.48026043724707;False
805;Tumor;DC;250;300.0;5;735.0;11.0;1874.7374631268437;4.312603849349211;351.6716715940736;1563.1235015392656;11.0;6.687396150650789;3.240913486038239;;190.48026043724707;False
806;Tumor;DC;300;400.0;6;1044.0;8.0;1363.4454277286136;6.125657712545001;417.9886097444597;2028.2879568208725;0.0;0.0;0.7642443365236885;;190.48026043724707;False
807;Tumor;DC;400;500.0;7;667.0;3.0;511.2920353982301;3.9136146496815285;335.2087492961957;1456.3562821124358;0.0;-0.0;-0.4645104429066793;;190.48026043724707;False
808;Tumor;DC;500;600.0;8;351.0;7.0;1193.014749262537;2.059488368872888;243.8395853072915;925.1983432536441;7.0;4.940511631127112;3.453150349650625;;190.48026043724707;False
809;Tumor;DC;600;700.0;9;236.0;1.0;170.4306784660767;1.3847272223760732;200.1433114864031;707.3014817670551;0.0;-0.0;-0.32761185496012846;;190.48026043724707;False
810;Tumor;DC;700;800.0;10;188.0;2.0;340.8613569321534;1.1030877873165328;178.70844402154526;608.8262261982261;0.0;0.0;0.8553672870305126;;190.48026043724707;False
811;Tumor;DC;800;900.0;11;102.0;1.0;170.4306784660767;0.5984837995015231;131.73169299015748;412.20443121908585;0.0;0.0;0.5194701207642537;;190.48026043724707;False
812;Tumor;DC;900;1000.0;12;24.0;1.0;170.4306784660767;0.14081971752977016;63.94245200288767;174.57296770482927;0.0;0.0;2.2900385249452713;;190.48026043724707;False
813;Tumor;DC;1000;1100.0;13;0.0;0.0;0.0;0.0;0.0;0.0;0.0;0.0;;;190.48026043724707;False
814;Tumor;DC;1100;1200.0;14;0.0;0.0;0.0;0.0;0.0;0.0;0.0;0.0;;;190.48026043724707;False
815;Tumor;DC;1200;inf;15;0.0;0.0;0.0;0.0;0.0;0.0;0.0;0.0;;;190.48026043724707;False
816;Tumor;MacCD163;0;50.0;0;84660004.0;2498.0;29334.237398373985;7209346.782054832;;;0.0;-0.0;;;295.112156753532;False
817;Tumor;MacCD163;50;100.0;1;4604.0;706.0;8290.621138211382;392.0603710883412;223.06251994648957;5129.27209326511;706.0;313.9396289116588;16.527299786157553;;295.112156753532;False
818;Tumor;MacCD163;100;150.0;2;2233.0;340.0;3992.650406504065;190.15438936582663;158.77293637519983;2606.881693184744;340.0;149.84561063417337;11.082810752745646;;295.112156753532;False
819;Tumor;MacCD163;150;200.0;3;1389.0;226.0;2653.938211382114;118.28233176405428;126.17057028038688;1686.108987989241;226.0;107.71766823594572;10.025620147163174;;295.112156753532;False
820;Tumor;MacCD163;200;250.0;4;935.0;182.0;2137.242276422764;79.62129603987815;103.93315452614772;1179.7438756214717;182.0;102.37870396012185;11.567456813025927;;295.112156753532;False
821;Tumor;MacCD163;250;300.0;5;735.0;182.0;2137.242276422764;62.59000276931598;92.31126097307427;952.3764077214785;182.0;119.40999723068401;15.190370726619971;;295.112156753532;False
822;Tumor;MacCD163;300;400.0;6;1044.0;312.0;3663.8439024390245;88.90335087233453;109.71897583616331;1302.3684436192636;312.0;223.09664912766547;23.87776483031594;;295.112156753532;False
823;Tumor;MacCD163;400;500.0;7;667.0;170.0;1996.3252032520325;56.79936305732484;87.98986337590581;874.2002940371176;170.0;113.20063694267516;15.10770845924555;;295.112156753532;False
824;Tumor;MacCD163;500;600.0;8;351.0;80.0;939.4471544715448;29.88991968983661;64.00612108685674;501.72289694000835;80.0;50.11008031016339;9.193607493774197;;295.112156753532;False
825;Tumor;MacCD163;600;700.0;9;236.0;98.0;1150.8227642276422;20.09692605926336;52.536166404561776;359.7132177385436;98.0;77.90307394073665;17.413199836145775;;295.112156753532;False
826;Tumor;MacCD163;700;800.0;10;188.0;46.0;540.1821138211382;16.00941567432844;46.909669292915844;298.463829556731;46.0;29.99058432567156;7.507665671698172;;295.112156753532;False
827;Tumor;MacCD163;800;900.0;11;102.0;25.0;293.5772357723577;8.685959567986707;34.57861315618194;183.42641138954812;25.0;16.314040432013293;5.540338905642538;;295.112156753532;False
828;Tumor;MacCD163;900;1000.0;12;24.0;9.0;105.68780487804878;2.0437551924674606;16.78442948600672;63.52431099805713;9.0;6.956244807532539;4.866880041776362;;295.112156753532;False
829;Tumor;MacCD163;1000;1100.0;13;0.0;20.0;234.8617886178862;0.0;0.0;0.0;20.0;20.0;inf;;295.112156753532;False
830;Tumor;MacCD163;1100;1200.0;14;0.0;9.0;105.68780487804878;0.0;0.0;0.0;9.0;9.0;inf;;295.112156753532;False
831;Tumor;MacCD163;1200;inf;15;0.0;17.0;199.63252032520325;0.0;0.0;0.0;17.0;17.0;inf;;295.112156753532;False
832;Tumor;Neutrophil;0;50.0;0;84660004.0;287.0;39574.49164677804;613966.727983938;;;0.0;-0.0;;;116.21041320381327;False
833;Tumor;Neutrophil;50;100.0;1;4604.0;51.0;7032.400954653938;33.3888811963445;764.367378464141;6403.9476245751175;51.0;17.6111188036555;3.1770075791740013;;116.21041320381327;False
834;Tumor;Neutrophil;100;150.0;2;2233.0;32.0;4412.486873508353;16.194042509000276;544.066538732184;3514.178791237154;32.0;15.805957490999724;4.005919714502425;;116.21041320381327;False
835;Tumor;Neutrophil;150;200.0;3;1389.0;15.0;2068.3532219570407;10.073231099418443;432.3481509474569;2407.102092283138;0.0;0.0;1.571310575674469;;116.21041320381327;False
836;Tumor;Neutrophil;200;250.0;4;935.0;13.0;1792.5727923627685;6.780756715591249;356.1472939502234;1773.662786777516;13.0;6.219243284408751;2.4079160699242217;;116.21041320381327;False
837;Tumor;Neutrophil;250;300.0;5;735.0;4.0;551.5608591885441;5.3303274716145115;316.32260125831317;1479.8828021394079;0.0;-0.0;-0.5799115841920417;;116.21041320381327;False
838;Tumor;Neutrophil;300;400.0;6;1044.0;10.0;1378.9021479713604;7.571240653558571;375.97354296803013;1929.3500353824222;0.0;0.0;0.8907598798776057;;116.21041320381327;False
839;Tumor;Neutrophil;400;500.0;7;667.0;3.0;413.67064439140813;4.837181528662421;301.5144866837926;1377.0123571102122;0.0;-0.0;-0.8401896651628088;;116.21041320381327;False
840;Tumor;Neutrophil;500;600.0;8;351.0;3.0;413.67064439140813;2.5455033231791746;219.32950005476255;867.4815031955716;0.0;0.0;0.2857374150570736;;116.21041320381327;False
841;Tumor;Neutrophil;600;700.0;9;236.0;1.0;137.89021479713603;1.7115065078925504;180.02545563837438;659.927551553074;0.0;-0.0;-0.5449772914333945;;116.21041320381327;False
842;Tumor;Neutrophil;700;800.0;10;188.0;0.0;0.0;1.3634034893381335;160.74516216640714;566.5259300112061;0.0;-0.0;-1.1695530830680803;;116.21041320381327;False
843;Tumor;Neutrophil;800;900.0;11;102.0;0.0;0.0;0.7397189144281362;118.49038509677426;381.0235339693205;0.0;-0.0;-0.8608293400067345;;116.21041320381327;False
844;Tumor;Neutrophil;900;1000.0;12;24.0;0.0;0.0;0.17405150927720853;57.515132386708636;159.43778663683025;0.0;-0.0;-0.4172814875680655;;116.21041320381327;False
845;Tumor;Neutrophil;1000;1100.0;13;0.0;0.0;0.0;0.0;0.0;0.0;0.0;0.0;;;116.21041320381327;False
846;Tumor;Neutrophil;1100;1200.0;14;0.0;0.0;0.0;0.0;0.0;0.0;0.0;0.0;;;116.21041320381327;False
847;Tumor;Neutrophil;1200;inf;15;0.0;0.0;0.0;0.0;0.0;0.0;0.0;0.0;;;116.21041320381327;False
848;Tumor;T;0;50.0;0;84660004.0;1425.0;26371.172325432413;4574711.514954306;;;0.0;-0.0;;;391.58132332925163;False
849;Tumor;T;50;100.0;1;4604.0;322.0;5958.959641255606;248.78302409304902;280.0223565706356;5263.4022583093365;322.0;73.21697590695098;4.838755226009311;;391.58132332925163;False
850;Tumor;T;100;150.0;2;2233.0;205.0;3793.7475976937862;120.66300886181114;199.31619087818316;2702.3537615791606;205.0;84.33699113818886;7.830510862249391;;391.58132332925163;False
851;Tumor;T;150;200.0;3;1389.0;163.0;3016.49199231262;75.05639019662144;158.38869043643186;1761.9768631459115;163.0;87.94360980337856;10.275304302524061;;391.58132332925163;False
852;Tumor;T;200;250.0;4;935.0;123.0;2276.2485586162716;50.52391996676821;130.47286860748085;1242.240126329585;123.0;72.4760800332318;10.279903959583589;;391.58132332925163;False
853;Tumor;T;250;300.0;5;735.0;114.0;2109.6937860345934;39.71666435890335;115.88328170007301;1007.8842746313001;114.0;74.28333564109664;11.862744701971339;;391.58132332925163;False
854;Tumor;T;300;400.0;6;1044.0;216.0;3997.314541960282;56.41387427305455;137.7361207141809;1368.3437779825558;216.0;159.58612572694545;21.441830412000396;;391.58132332925163;False
855;Tumor;T;400;500.0;7;667.0;202.0;3738.2293401665597;36.0421974522293;110.4583992988158;927.109652810884;202.0;165.9578025477707;27.804398394894044;;391.58132332925163;False
856;Tumor;T;500;600.0;8;351.0;142.0;2627.864189622037;18.966733591802825;80.35032001784369;540.2105442026699;142.0;123.03326640819718;28.336715885094243;;391.58132332925163;False
857;Tumor;T;600;700.0;9;236.0;75.0;1387.9564381806533;12.752561617280533;65.95147013187845;391.3038438658073;75.0;62.247438382719466;17.46672873064343;;391.58132332925163;False
858;Tumor;T;700;800.0;10;188.0;61.0;1128.8712363869315;10.158820271392965;58.88822624483312;326.6711755776507;61.0;50.84117972860703;15.977238514116122;;391.58132332925163;False
859;Tumor;T;800;900.0;11;102.0;34.0;629.2069186418962;5.511700360011077;43.40838947422118;204.2189456564065;34.0;28.488299639988924;12.145277100293875;;391.58132332925163;False
860;Tumor;T;900;1000.0;12;24.0;14.0;259.085201793722;1.2968706729437829;21.07039541870481;73.61698948869437;14.0;12.703129327056217;11.157132892960801;;391.58132332925163;False
861;Tumor;T;1000;1100.0;13;0.0;8.0;148.0486867392697;0.0;0.0;0.0;8.0;8.0;inf;;391.58132332925163;False
862;Tumor;T;1100;1200.0;14;0.0;8.0;148.0486867392697;0.0;0.0;0.0;8.0;8.0;inf;;391.58132332925163;False
863;Tumor;T;1200;inf;15;0.0;10.0;185.06085842408712;0.0;0.0;0.0;10.0;10.0;inf;;391.58132332925163;False
864;Tumor;Tumor_CD15;0;50.0;0;84660004.0;762.0;36294.56883759274;1777426.3509415674;;;0.0;-0.0;;;151.04014564955273;False
865;Tumor;Tumor_CD15;50;100.0;1;4604.0;167.0;7954.321516900247;96.66041262808086;449.2403480927476;5661.880176725483;167.0;70.33958737191914;7.457748466102958;;151.04014564955273;False
866;Tumor;Tumor_CD15;100;150.0;2;2233.0;103.0;4905.958779884583;46.881559817225146;319.76330771307124;2985.9850466681396;103.0;56.118440182774854;8.359179165994467;;151.04014564955273;False
867;Tumor;Tumor_CD15;150;200.0;3;1389.0;66.0;3143.624072547403;29.161883827194682;254.10324838712776;1987.3674228094867;66.0;36.838116172805314;6.905161912272066;;151.04014564955273;False
868;Tumor;Tumor_CD15;200;250.0;4;935.0;31.0;1476.5507007419621;19.630209775685405;209.31784743086652;1427.9058629129345;31.0;11.369790224314595;2.587217035665463;;151.04014564955273;False
869;Tumor;Tumor_CD15;250;300.0;5;735.0;22.0;1047.8746908491344;15.431234422597619;185.9117480712249;1172.7887109648643;0.0;0.0;1.682920493702574;;151.04014564955273;False
870;Tumor;Tumor_CD15;300;400.0;6;1044.0;42.0;2000.4880461665293;21.91865134311825;220.97029527345956;1564.3452806663502;42.0;20.08134865688175;4.32858201588968;;151.04014564955273;False
871;Tumor;Tumor_CD15;400;500.0;7;667.0;5.0;238.1533388293487;14.00358280254777;177.20859990780943;1084.2943632147794;0.0;-0.0;-2.4200104362528307;;151.04014564955273;False
872;Tumor;Tumor_CD15;500;600.0;8;351.0;10.0;476.3066776586974;7.369201744669066;128.90615655209086;654.5508013767612;0.0;0.0;0.9720767495543249;;151.04014564955273;False
873;Tumor;Tumor_CD15;600;700.0;9;236.0;2.0;95.26133553173949;4.954790916643589;105.8060569238865;485.15422373005356;0.0;-0.0;-1.3301569736173366;;151.04014564955273;False
874;Tumor;Tumor_CD15;700;800.0;10;188.0;0.0;0.0;3.94703683190252;94.47448261196259;410.4704053985774;0.0;-0.0;-1.9899553276430961;;151.04014564955273;False
875;Tumor;Tumor_CD15;800;900.0;11;102.0;0.0;0.0;2.1414774300747714;69.6401538661632;265.9900302630807;0.0;-0.0;-1.4646722377441475;;151.04014564955273;False
876;Tumor;Tumor_CD15;900;1000.0;12;24.0;1.0;47.630667765869745;0.5038770423705344;33.8032715968629;103.60062154391811;0.0;0.0;0.6990645180054933;;151.04014564955273;False
877;Tumor;Tumor_CD15;1000;1100.0;13;0.0;2.0;95.26133553173949;0.0;0.0;0.0;2.0;2.0;inf;;151.04014564955273;False
878;Tumor;Tumor_CD15;1100;1200.0;14;0.0;0.0;0.0;0.0;0.0;0.0;0.0;0.0;;;151.04014564955273;False
879;Tumor;Tumor_CD15;1200;inf;15;0.0;0.0;0.0;0.0;0.0;0.0;0.0;0.0;;;151.04014564955273;False
880;Tumor;other;0;50.0;0;84660004.0;14928.0;33245.19631499826;38014651.13147327;;;0.0;-0.0;;;228.99491356031814;False
881;Tumor;other;50;100.0;1;4604.0;3672.0;8177.67690706549;2067.321586818056;97.14021440314124;4832.747724055122;3672.0;1604.678413181944;36.78885134260037;;228.99491356031814;False
882;Tumor;other;100;150.0;2;2233.0;2033.0;4527.564583895463;1002.6779112434228;69.14311326081625;2395.8195890824154;2033.0;1030.3220887565772;33.185728493886096;;228.99491356031814;False
883;Tumor;other;150;200.0;3;1389.0;1247.0;2777.1141348340593;623.6988888119635;54.94529628439385;1518.386285070655;1247.0;623.3011111880365;25.263566286898453;;228.99491356031814;False
884;Tumor;other;200;250.0;4;935.0;859.0;1913.0240912770305;419.84050470783717;45.26125194266947;1041.582103337794;859.0;439.15949529216283;21.608418885890575;;228.99491356031814;False
885;Tumor;other;250;300.0;5;735.0;690.0;1536.6549743668813;330.03504915535865;40.20010033465005;829.6640020802893;690.0;359.96495084464135;19.94161625700977;;228.99491356031814;False
886;Tumor;other;300;400.0;6;1044.0;902.0;2008.7866476506188;468.78447798393796;47.780886001712666;1156.5153881261717;902.0;433.21552201606204;20.19189530340724;;228.99491356031814;False
887;Tumor;other;400;500.0;7;667.0;573.0;1276.0917395829317;299.5011942675159;38.31819973919876;757.2324648353649;573.0;273.4988057324841;15.895625152761102;;228.99491356031814;False
888;Tumor;other;500;600.0;8;351.0;383.0;852.9548625833559;157.60857449459982;27.873657694632943;416.6374478676528;383.0;225.39142550540018;18.0082165061533;;228.99491356031814;False
889;Tumor;other;600;700.0;9;236.0;272.0;605.7538449678141;105.97043755192468;22.87867307193734;289.8751579535078;272.0;166.02956244807532;16.16150743555792;;228.99491356031814;False
890;Tumor;other;700;800.0;10;188.0;161.0;358.5528273522723;84.41712821932983;20.428422192071665;236.10525806624543;161.0;76.58287178067017;8.348800790815082;;228.99491356031814;False
891;Tumor;other;800;900.0;11;102.0;62.0;138.07624407354584;45.800782331764054;15.058441447539359;137.45991976759055;62.0;16.199217668235946;2.3957488694449793;;228.99491356031814;False
892;Tumor;other;900;1000.0;12;24.0;40.0;89.08144778938441;10.776654666297425;7.309354701525944;41.2122149673945;40.0;29.223345333702575;8.903856831000091;;228.99491356031814;False
893;Tumor;other;1000;1100.0;13;0.0;46.0;102.44366495779208;0.0;0.0;0.0;46.0;46.0;inf;;228.99491356031814;False
894;Tumor;other;1100;1200.0;14;0.0;26.0;57.902941063099874;0.0;0.0;0.0;26.0;26.0;inf;;228.99491356031814;False
895;Tumor;other;1200;inf;15;0.0;49.0;109.1247735419959;0.0;0.0;0.0;49.0;49.0;inf;;228.99491356031814;False
896;Tumor_CD15;B;0;50.0;0;84620990.0;3.0;3851.733333333333;65908.76055801717;;;0.0;-0.0;;;0.0;False
897;Tumor_CD15;B;50;100.0;1;4968.0;3.0;3851.733333333333;3.8694267515923566;2414.539956182129;10653.807088345828;0.0;-0.0;-0.4623102897132039;;0.0;False
898;Tumor_CD15;B;100;150.0;2;4735.0;2.0;2567.822222222222;3.6879500138465797;2362.4334676110752;10298.105684582533;0.0;-0.0;-0.9173497613751881;;0.0;False
899;Tumor_CD15;B;150;200.0;3;4046.0;3.0;3851.733333333333;3.1513085018000555;2197.936304809582;9221.744468266857;0.0;-0.0;-0.08838594013919669;;0.0;False
900;Tumor_CD15;B;200;250.0;4;3505.0;2.0;2567.822222222222;2.729939767377458;2055.9931636289284;8346.493914159997;0.0;-0.0;-0.45582728306528675;;0.0;False
901;Tumor_CD15;B;250;300.0;5;3393.0;5.0;6419.555555555556;2.642706314040432;2024.963752762009;8161.425235465074;0.0;0.0;1.4946220896188367;;0.0;False
902;Tumor_CD15;B;300;400.0;6;5716.0;4.0;5135.644444444444;4.452021600664636;2571.5320120287997;11771.495128364186;0.0;-0.0;-0.22568474856266194;;0.0;False
903;Tumor_CD15;B;400;500.0;7;4850.0;1.0;1283.911111111111;3.7775200775408475;2388.3564781386103;10474.14970940032;0.0;-0.0;-1.4931141651300548;;0.0;False
904;Tumor_CD15;B;500;600.0;8;3989.0;5.0;6419.555555555556;3.1069129050124618;2183.5564415268345;9130.88247796384;0.0;0.0;1.113117806039403;;0.0;False
905;Tumor_CD15;B;600;700.0;9;3291.0;3.0;3851.733333333333;2.5632615618942123;1996.1637374390573;7991.606382085389;0.0;0.0;0.2809054802551999;;0.0;False
906;Tumor_CD15;B;700;800.0;10;2396.0;4.0;5135.644444444444;1.8661728053170867;1717.1713174093413;6439.62943898772;0.0;0.0;1.5954403714229781;;0.0;False
907;Tumor_CD15;B;800;900.0;11;1886.0;2.0;2567.822222222222;1.4689490445859872;1530.4940378844994;5490.038039210776;0.0;0.0;0.4454915898690202;;0.0;False
908;Tumor_CD15;B;900;1000.0;12;1548.0;0.0;0.0;1.2056909443367487;1390.7707215785065;4823.0147732152245;0.0;-0.0;-1.113051904229793;;0.0;False
909;Tumor_CD15;B;1000;1100.0;13;1464.0;0.0;0.0;1.1402658543339794;1353.520249817736;4651.296615626103;0.0;-0.0;-1.0816240098344603;;0.0;False
910;Tumor_CD15;B;1100;1200.0;14;1256.0;1.0;1283.911111111111;0.9782608695652174;1255.9999999999998;4213.653976558871;0.0;0.0;0.02222222222222217;;0.0;False
911;Tumor_CD15;B;1200;inf;15;4479.0;7.0;8987.377777777778;3.4885592633619495;2303.22123702146;9902.671537079113;0.0;0.0;1.957422806507307;;0.0;False
912;Tumor_CD15;BnT;0;50.0;0;84620990.0;0.0;0.0;11717.112988091942;;;0.0;-0.0;;;0.0;False
913;Tumor_CD15;BnT;50;100.0;1;4968.0;0.0;0.0;0.6878980891719745;5726.584322264013;18453.075551627273;0.0;-0.0;-0.8675328468813839;;0.0;False
914;Tumor_CD15;BnT;100;150.0;2;4735.0;0.0;0.0;0.6556355580171698;5603.002933695466;17929.0636206333;0.0;-0.0;-0.8450825487747918;;0.0;False
915;Tumor_CD15;BnT;150;200.0;3;4046.0;0.0;0.0;0.560232622542232;5212.863656379284;16321.355830055265;0.0;-0.0;-0.7761568816496235;;0.0;False
916;Tumor_CD15;BnT;200;250.0;4;3505.0;1.0;7222.0;0.4853226253115481;4876.215938102003;14987.61103494199;0.0;0.0;0.762271410286803;;0.0;False
917;Tumor_CD15;BnT;250;300.0;5;3393.0;0.0;0.0;0.4698144558294101;4802.62322850752;14702.313447220762;0.0;-0.0;-0.7064888996204727;;0.0;False
918;Tumor_CD15;BnT;300;400.0;6;5716.0;0.0;0.0;0.7914705067848241;6098.923675534888;20077.86772426339;0.0;-0.0;-0.9372145486799677;;0.0;False
919;Tumor_CD15;BnT;400;500.0;7;4850.0;0.0;0.0;0.6715591248961507;5664.4847515021165;18188.84223760934;0.0;-0.0;-0.856212032120639;;0.0;False
920;Tumor_CD15;BnT;500;600.0;8;3989.0;0.0;0.0;0.5523400720022155;5178.758816067803;16184.04506845721;0.0;-0.0;-0.7702617831175271;;0.0;False
921;Tumor_CD15;BnT;600;700.0;9;3291.0;0.0;0.0;0.45569094433674884;4734.317994706312;14439.46691348515;0.0;-0.0;-0.6951370828237222;;0.0;False
922;Tumor_CD15;BnT;700;800.0;10;2396.0;0.0;0.0;0.3317640542785932;4072.629371794099;11986.309280682546;0.0;-0.0;-0.5883177135130516;;0.0;False
923;Tumor_CD15;BnT;800;900.0;11;1886.0;0.0;0.0;0.2611464968152866;3629.8853287672873;10433.726733344965;0.0;-0.0;-0.5195756419777832;;0.0;False
924;Tumor_CD15;BnT;900;1000.0;12;1548.0;0.0;0.0;0.21434505677097757;3298.502387447976;9315.379540544938;0.0;-0.0;-0.4693038895138332;;0.0;False
925;Tumor_CD15;BnT;1000;1100.0;13;1464.0;0.0;0.0;0.20271392965937413;3210.1551364381125;9023.33766294353;0.0;-0.0;-0.456052725733501;;0.0;False
926;Tumor_CD15;BnT;1100;1200.0;14;1256.0;0.0;0.0;0.17391304347826086;2978.865555878613;8270.69232243522;0.0;-0.0;-0.42163702135578396;;0.0;False
927;Tumor_CD15;BnT;1200;inf;15;4479.0;7.0;50554.0;0.6201883134865688;5462.568798193757;17342.366503347283;7.0;6.379811686513431;8.434676377025232;;0.0;False
928;Tumor_CD15;DC;0;50.0;0;84620990.0;30.0;5112.920353982301;496512.662870396;;;0.0;-0.0;;;946.3688634163843;False
929;Tumor_CD15;DC;50;100.0;1;4968.0;30.0;5112.920353982301;29.14968152866242;879.7125837956938;7039.564826188069;0.0;0.0;0.16473602475596472;;946.3688634163843;False
930;Tumor_CD15;DC;100;150.0;2;4735.0;27.0;4601.628318584071;27.782556770977568;860.7281252548448;6761.859842672018;0.0;-0.0;-0.15495215911114799;;946.3688634163843;False
931;Tumor_CD15;DC;150;200.0;3;4046.0;25.0;4260.766961651917;23.739857380227082;800.7952905363098;5931.728802121285;0.0;0.0;0.2681920887772491;;946.3688634163843;False
932;Tumor_CD15;DC;200;250.0;4;3505.0;11.0;1874.7374631268437;20.565546247576847;749.0797796124182;5268.9480803586885;0.0;-0.0;-2.1763536825365537;;946.3688634163843;False
933;Tumor_CD15;DC;250;300.0;5;3393.0;17.0;2897.321533923304;19.908387565771253;737.774535672468;5130.326265314929;0.0;-0.0;-0.6718562949924726;;946.3688634163843;False
934;Tumor_CD15;DC;300;400.0;6;5716.0;21.0;3579.0442477876104;33.538562725006926;936.9110106557109;7922.256828302274;0.0;-0.0;-2.280852426653423;;946.3688634163843;False
935;Tumor_CD15;DC;400;500.0;7;4850.0;32.0;5453.781710914454;28.457317917474384;870.1729052066332;6899.100599823396;0.0;0.0;0.6938640669018291;;946.3688634163843;False
936;Tumor_CD15;DC;500;600.0;8;3989.0;30.0;5112.920353982301;23.40541055109388;795.5561365307175;5862.391537249912;0.0;0.0;1.4127480166057458;;946.3688634163843;False
937;Tumor_CD15;DC;600;700.0;9;3291.0;17.0;2897.321533923304;19.30990376626973;727.2815488704726;5003.617169661345;0.0;-0.0;-0.541301325034453;;946.3688634163843;False
938;Tumor_CD15;DC;700;800.0;10;2396.0;20.0;3408.6135693215338;14.058501800055387;625.6335549926517;3869.254436140669;0.0;0.0;1.618541015328737;;946.3688634163843;False
939;Tumor_CD15;DC;800;900.0;11;1886.0;17.0;2897.321533923304;11.06608280254777;557.6196248498605;3199.0938700990896;0.0;0.0;1.813640497670079;;946.3688634163843;False
940;Tumor_CD15;DC;900;1000.0;12;1548.0;18.0;3067.7522123893805;9.082871780670175;506.7128840898511;2741.217656530225;18.0;8.917128219329825;2.999237359277203;;946.3688634163843;False
941;Tumor_CD15;DC;1000;1100.0;13;1464.0;9.0;1533.8761061946902;8.590002769315978;493.1410611525776;2625.258455829923;0.0;0.0;0.141695980520005;;946.3688634163843;False
942;Tumor_CD15;DC;1100;1200.0;14;1256.0;8.0;1363.4454277286136;7.369565217391305;457.6105698389391;2333.590542674769;0.0;0.0;0.23479664765267583;;946.3688634163843;False
943;Tumor_CD15;DC;1200;inf;15;4479.0;27.0;4601.628318584071;26.280479783993353;839.1547633268606;6455.058457565294;0.0;0.0;0.1461331377038326;;946.3688634163843;False
944;Tumor_CD15;MacCD163;0;50.0;0;84620990.0;301.0;3534.669918699187;7206024.487676544;;;0.0;-0.0;;;920.8573620870806;False
945;Tumor_CD15;MacCD163;50;100.0;1;4968.0;314.0;3687.330081300813;423.05732484076435;230.91816732340484;5511.770729174965;0.0;-0.0;-5.545990311388478;;920.8573620870806;False
946;Tumor_CD15;MacCD163;100;150.0;2;4735.0;321.0;3769.531707317073;403.2158681805594;225.9348847665441;5267.035995520016;0.0;-0.0;-4.273214796734617;;920.8573620870806;False
947;Tumor_CD15;MacCD163;150;200.0;3;4046.0;292.0;3428.9821138211382;344.5430628634727;210.20295071146097;4540.990121860001;0.0;-0.0;-2.9353436005083626;;920.8573620870806;False
948;Tumor_CD15;MacCD163;200;250.0;4;3505.0;250.0;2935.7723577235774;298.47341456660206;196.62800450208397;3968.023566415943;0.0;-0.0;-2.8949469518233837;;920.8573620870806;False
949;Tumor_CD15;MacCD163;250;300.0;5;3393.0;207.0;2430.819512195122;288.9358903350872;193.66046003376064;3849.0355332174145;0.0;-0.0;-4.968388940298612;;920.8573620870806;False
950;Tumor_CD15;MacCD163;300;400.0;6;5716.0;424.0;4979.069918699187;486.75436167266685;245.93233916497127;6295.126401987024;0.0;-0.0;-2.996474899571792;;920.8573620870806;False
951;Tumor_CD15;MacCD163;400;500.0;7;4850.0;425.0;4990.8130081300815;413.00886181113265;228.4140709432719;5387.874032824338;0.0;0.0;0.6164813207372557;;920.8573620870806;False
952;Tumor_CD15;MacCD163;500;600.0;8;3989.0;377.0;4427.144715447154;339.68914428136253;208.82771081654383;4480.7516793887235;0.0;0.0;2.0981157803911694;;920.8573620870806;False
953;Tumor_CD15;MacCD163;600;700.0;9;3291.0;351.0;4121.824390243903;280.2499307671005;190.90612716789343;3740.549574974183;351.0;70.75006923289948;4.352004844314031;;920.8573620870806;False
954;Tumor_CD15;MacCD163;700;800.0;10;2396.0;224.0;2630.4520325203252;204.0348933813348;164.22426664807355;2782.718594983391;0.0;0.0;1.4276333047828258;;920.8573620870806;False
955;Tumor_CD15;MacCD163;800;900.0;11;1886.0;246.0;2888.8;160.60509554140128;146.37110370561535;2230.677609019287;246.0;85.39490445859872;6.851079035496328;;920.8573620870806;False
956;Tumor_CD15;MacCD163;900;1000.0;12;1548.0;149.0;1749.720325203252;131.82220991415122;133.00845379331273;1861.2109731510657;0.0;0.0;1.5165977759332014;;920.8573620870806;False
957;Tumor_CD15;MacCD163;1000;1100.0;13;1464.0;209.0;2454.3056910569107;124.66906674051509;129.4459487915191;1768.821914962319;209.0;84.33093325948491;7.650341322399056;;920.8573620870806;False
958;Tumor_CD15;MacCD163;1100;1200.0;14;1256.0;170.0;1996.3252032520325;106.95652173913044;120.11945274113293;1538.8596951129675;170.0;63.04347826086956;6.16324155961227;;920.8573620870806;False
959;Tumor_CD15;MacCD163;1200;inf;15;4479.0;660.0;7750.4390243902435;381.4158127942398;220.27203386367282;4997.701000701913;660.0;278.5841872057602;14.851812856165614;;920.8573620870806;False
960;Tumor_CD15;Neutrophil;0;50.0;0;84620990.0;35.0;4826.157517899761;613683.7927513154;;;0.0;-0.0;;;133.0102698370553;False
961;Tumor_CD15;Neutrophil;50;100.0;1;4968.0;55.0;7583.961813842482;36.02866242038217;791.2862915700804;6831.33682074743;55.0;18.97133757961783;3.305961245267951;;133.0102698370553;False
962;Tumor_CD15;Neutrophil;100;150.0;2;4735.0;47.0;6480.8400954653935;34.33891235114927;774.2100986487079;6558.125459363366;0.0;0.0;2.254995250659415;;133.0102698370553;False
963;Tumor_CD15;Neutrophil;150;200.0;3;4046.0;59.0;8135.522673031026;29.342183605649403;720.3015478319267;5742.18052330144;59.0;29.657816394350597;5.677514764948506;;133.0102698370553;False
964;Tumor_CD15;Neutrophil;200;250.0;4;3505.0;25.0;3447.255369928401;25.418772500692327;673.7843379961264;5091.640865141187;0.0;-0.0;-0.0857019476637511;;133.0102698370553;False
965;Tumor_CD15;Neutrophil;250;300.0;5;3393.0;22.0;3033.5847255369927;24.606532124065357;663.6154661198821;4955.695001811655;0.0;-0.0;-0.541601714867325;;133.0102698370553;False
966;Tumor_CD15;Neutrophil;300;400.0;6;5716.0;33.0;4550.377088305489;41.453267792855165;842.7352896944686;7700.489952827498;0.0;-0.0;-1.3831424006429158;;133.0102698370553;False
967;Tumor_CD15;Neutrophil;400;500.0;7;4850.0;27.0;3723.035799522673;35.17290916643589;782.7055152659173;6693.13063670446;0.0;-0.0;-1.439831684454722;;133.0102698370553;False
968;Tumor_CD15;Neutrophil;500;600.0;8;3989.0;23.0;3171.474940334129;28.928811271116036;715.5890191942635;5674.083366402689;0.0;-0.0;-1.142450537581453;;133.0102698370553;False
969;Tumor_CD15;Neutrophil;600;700.0;9;3291.0;22.0;3033.5847255369927;23.86681320963722;654.177205525473;4831.4695965737155;0.0;-0.0;-0.39349471716342743;;133.0102698370553;False
970;Tumor_CD15;Neutrophil;700;800.0;10;2396.0;17.0;2344.1336515513126;17.37614234284132;562.7465887505299;3721.166947462536;0.0;-0.0;-0.09216643776348181;;133.0102698370553;False
971;Tumor_CD15;Neutrophil;800;900.0;11;1886.0;15.0;2068.3532219570407;13.677547770700636;501.56923202160226;3067.105281535248;0.0;0.0;0.3635654069569938;;133.0102698370553;False
972;Tumor_CD15;Neutrophil;900;1000.0;12;1548.0;19.0;2619.9140811455845;11.22632234837995;455.77949699461936;2621.278695637053;0.0;0.0;2.3518260216041242;;133.0102698370553;False
973;Tumor_CD15;Neutrophil;1000;1100.0;13;1464.0;15.0;2068.3532219570407;10.61714206590972;443.5718764152427;2508.5319459946045;0.0;0.0;1.3624696561945355;;133.0102698370553;False
974;Tumor_CD15;Neutrophil;1100;1200.0;14;1256.0;2.0;275.78042959427205;9.108695652173912;411.6128124810597;2225.2741016219647;0.0;-0.0;-2.3814117070294856;;133.0102698370553;False
975;Tumor_CD15;Neutrophil;1200;inf;15;4479.0;3.0;413.67064439140813;32.48236291885904;754.8052317965834;6256.430489928826;0.0;-0.0;-5.385931607723911;;133.0102698370553;False
976;Tumor_CD15;T;0;50.0;0;84620990.0;258.0;4774.570147341447;4572603.34360288;;;0.0;-0.0;;;923.4248387321394;False
977;Tumor_CD15;T;50;100.0;1;4968.0;205.0;3793.7475976937862;268.45222929936307;289.88397245930867;5650.624589080379;0.0;-0.0;-4.050766906304366;;923.4248387321394;False
978;Tumor_CD15;T;100;150.0;2;4735.0;202.0;3738.2293401665597;255.8617765162005;283.62819033435;5402.893347935181;0.0;-0.0;-3.514356801622628;;923.4248387321394;False
979;Tumor_CD15;T;150;200.0;3;4046.0;136.0;2516.827674567585;218.63078094710608;263.8790489341049;4667.387673893733;0.0;-0.0;-5.794974370300522;;923.4248387321394;False
980;Tumor_CD15;T;200;250.0;4;3505.0;120.0;2220.7303010890455;189.39715452783162;246.8376901761152;4086.258340695855;0.0;-0.0;-5.202891414170366;;923.4248387321394;False
981;Tumor_CD15;T;250;300.0;5;3393.0;110.0;2035.6694426649583;183.34509138742732;243.1123722901369;3965.485887463841;0.0;-0.0;-5.583140605099137;;923.4248387321394;False
982;Tumor_CD15;T;300;400.0;6;5716.0;216.0;3997.314541960282;308.8713652727776;308.73206841931346;6443.008463257665;0.0;-0.0;-5.566915891955335;;923.4248387321394;False
983;Tumor_CD15;T;400;500.0;7;4850.0;214.0;3960.3023702754645;262.0759484907228;286.7404458390005;5525.22214958279;0.0;-0.0;-3.102797818149744;;923.4248387321394;False
984;Tumor_CD15;T;500;600.0;8;3989.0;195.0;3608.686739269699;215.55071309886458;262.15263646321097;4606.322283201281;0.0;-0.0;-1.4507321607031483;;923.4248387321394;False
985;Tumor_CD15;T;600;700.0;9;3291.0;201.0;3719.723254324151;177.83339102741624;239.65471037514953;3855.3437158774886;0.0;0.0;1.788920625232187;;923.4248387321394;False
986;Tumor_CD15;T;700;800.0;10;2396.0;175.0;3238.5650224215246;129.470922182221;206.15953842855217;2881.468613565883;175.0;45.52907781777901;4.086956290472725;;923.4248387321394;False
987;Tumor_CD15;T;800;900.0;11;1886.0;139.0;2572.345932094811;101.9124203821656;183.74750452619165;2318.6923068826914;139.0;37.08757961783439;3.7352666849251177;;923.4248387321394;False
988;Tumor_CD15;T;900;1000.0;12;1548.0;116.0;2146.7059577194104;83.648158404874;166.9726527072083;1941.1905495669253;116.0;32.351841595126004;3.5856527881200986;;923.4248387321394;False
989;Tumor_CD15;T;1000;1100.0;13;1464.0;106.0;1961.6450992953235;79.10911104957076;162.50044892265393;1846.6593144495935;106.0;26.890888950429243;3.062422920026454;;923.4248387321394;False
990;Tumor_CD15;T;1100;1200.0;14;1256.0;96.0;1776.5842408712365;67.8695652173913;150.79239773053808;1611.0889608141506;96.0;28.130434782608702;3.4523241801719102;;923.4248387321394;False
991;Tumor_CD15;T;1200;inf;15;4479.0;633.0;11714.352338244715;242.02848933813348;276.5193095814984;5130.153213040631;633.0;390.97151066186655;26.165812250852024;;923.4248387321394;False
992;Tumor_CD15;Tumor;0;50.0;0;84620990.0;2353.0;4789.393271093888;41573781.52087372;;;0.0;-0.0;;;752.6318117380217;False
993;Tumor_CD15;Tumor;50;100.0;1;4968.0;2396.0;4876.91724502378;2440.748407643312;96.13824817429426;5194.388273894988;0.0;-0.0;-0.9474143403475682;;752.6318117380217;False
994;Tumor_CD15;Tumor;100;150.0;2;4735.0;2243.0;4565.494733133697;2326.2769142896705;94.06355625755499;4956.502747782187;0.0;-0.0;-1.8020291131900363;;752.6318117380217;False
995;Tumor_CD15;Tumor;150;200.0;3;4046.0;2061.0;4195.0444248722915;1987.775373857657;87.51387418628248;4252.079425152175;0.0;0.0;1.703094809344571;;752.6318117380217;False
996;Tumor_CD15;Tumor;200;250.0;4;3505.0;1913.0;3893.7991192531267;1721.9853399335364;81.86221168282079;3697.770777001273;1913.0;191.01466006646365;4.749433361995499;;752.6318117380217;False
997;Tumor_CD15;Tumor;250;300.0;5;3393.0;1656.0;3370.690716927955;1666.9604160897259;80.62673276892329;3582.861446489614;0.0;-0.0;-0.2766983394451039;;752.6318117380217;False
998;Tumor_CD15;Tumor;300;400.0;6;5716.0;2762.0;5621.888744054959;2808.2362918859044;102.38910403101193;5957.1079145649865;0.0;-0.0;-0.91915303718779;;752.6318117380217;False
999;Tumor_CD15;Tumor;400;500.0;7;4850.0;2412.0;4909.484305090717;2382.7757200221545;95.09571677870937;5073.93330006709;0.0;0.0;0.6255203399869037;;752.6318117380217;False
1000;Tumor_CD15;Tumor;500;600.0;8;3989.0;2096.0;4266.284868768716;1959.7716179728607;86.9413200392908;4193.731163169973;2096.0;136.22838202713933;3.1893335486901293;;752.6318117380217;False
1001;Tumor_CD15;Tumor;600;700.0;9;3291.0;1745.0;3551.8449885502905;1616.848431874827;79.48002032233391;3478.161145034499;1745.0;128.15156812517307;3.2818938330969822;;752.6318117380217;False
1002;Tumor_CD15;Tumor;700;800.0;10;2396.0;1158.0;2357.040972344548;1177.1403350872336;68.37155121338841;2557.002699307147;0.0;-0.0;-0.5698134233324648;;752.6318117380217;False
1003;Tumor_CD15;Tumor;800;900.0;11;1886.0;820.0;1669.061828430509;926.5804140127389;60.93873711498813;2029.4997596772455;0.0;-0.0;-3.5599387489790004;;752.6318117380217;False
1004;Tumor_CD15;Tumor;900;1000.0;12;1548.0;917.0;1866.4996300863131;760.5230545555248;55.37546000939786;1678.3992432329399;917.0;156.47694544447518;5.751638542275947;;752.6318117380217;False
1005;Tumor_CD15;Tumor;1000;1100.0;13;1464.0;932.0;1897.0312488990664;719.2543616726668;53.89228095097006;1590.9066234557838;932.0;212.74563832733315;8.035125648013082;;752.6318117380217;False
1006;Tumor_CD15;Tumor;1100;1200.0;14;1256.0;738.0;1502.1556455874581;617.0652173913044;50.00937731336735;1373.7630841370335;738.0;120.93478260869563;4.922189773429982;;752.6318117380217;False
1007;Tumor_CD15;Tumor;1200;inf;15;4479.0;2183.0;4443.368257882685;2200.505659789532;91.70593939360424;4694.950984332452;0.0;-0.0;-0.38854345043436006;;752.6318117380217;False
1008;Tumor_CD15;other;0;50.0;0;84620990.0;1889.0;4206.871371853679;37997132.78125866;;;0.0;-0.0;;;889.676480481615;False
1009;Tumor_CD15;other;50;100.0;1;4968.0;1922.0;4280.3635662799215;2230.767515923567;100.56122511642505;5204.803588657028;0.0;-0.0;-6.837987832029347;;889.676480481615;False
1010;Tumor_CD15;other;100;150.0;2;4735.0;1935.0;4309.315036811471;2126.1441602049294;98.39108404511906;4966.693296961771;0.0;-0.0;-4.326458716455681;;889.676480481615;False
1011;Tumor_CD15;other;150;200.0;3;4046.0;1671.0;3721.377481401534;1816.7643658266409;91.54007452790633;4261.560402421941;0.0;-0.0;-3.5462339338548765;;889.676480481615;False
1012;Tumor_CD15;other;200;250.0;4;3505.0;1469.0;3271.516170065143;1573.8406085571864;85.628399246885;3706.6394709704778;0.0;-0.0;-2.7267102034883695;;889.676480481615;False
1013;Tumor_CD15;other;250;300.0;5;3393.0;1407.0;3133.4399259915967;1523.5495534477984;84.33608036707976;3591.5962925677404;0.0;-0.0;-3.077687187721395;;889.676480481615;False
1014;Tumor_CD15;other;300;400.0;6;5716.0;2275.0;5066.507343021239;2566.6399196898365;107.09966049375892;5968.200427346713;0.0;-0.0;-6.064376432048629;;889.676480481615;False
1015;Tumor_CD15;other;400;500.0;7;4850.0;2108.0;4694.592298500559;2177.7822971476044;99.47073058013721;5084.23567026398;0.0;-0.0;-1.5623460347889861;;889.676480481615;False
1016;Tumor_CD15;other;500;600.0;8;3989.0;1832.0;4079.9303087538065;1791.1698109941844;90.94117921245821;4203.150111728249;0.0;0.0;0.9998804671465018;;889.676480481615;False
1017;Tumor_CD15;other;600;700.0;9;3291.0;1679.0;3739.193770959411;1477.7487711160343;83.13661178225365;3486.771759900807;1679.0;201.25122888396572;5.391051684103902;;889.676480481615;False
1018;Tumor_CD15;other;700;800.0;10;2396.0;1314.0;2926.325559881278;1075.8693575186928;71.5170817411164;2564.409857646098;1314.0;238.13064248130718;7.415369125392943;;889.676480481615;False
1019;Tumor_CD15;other;800;900.0;11;1886.0;1142.0;2543.2753343869254;846.8654458598726;63.7423104508941;2036.1016703663513;1142.0;295.1345541401274;10.311445094122814;;889.676480481615;False
1020;Tumor_CD15;other;900;1000.0;12;1548.0;910.0;2026.6029372084956;695.0942259761839;57.9230868637734;1684.3984460168824;910.0;214.9057740238161;8.26273189365925;;889.676480481615;False
1021;Tumor_CD15;other;1000;1100.0;13;1464.0;795.0;1770.4937748140153;657.375934644143;56.37167204173377;1596.7451432957855;795.0;137.62406535585706;5.437017631605961;;889.676480481615;False
1022;Tumor_CD15;other;1100;1200.0;14;1256.0;791.0;1761.585630035077;563.9782608695652;52.310129895693734;1379.1809424365524;791.0;227.02173913043475;9.665157227542991;;889.676480481615;False
1023;Tumor_CD15;other;1200;inf;15;4479.0;2804.0;6244.609490035848;2011.193177097757;95.92500166171418;4704.886116732631;2804.0;792.8068229022431;18.40614500338906;;889.676480481615;False
1024;other;B;0;50.0;0;84669518.0;30.0;38517.333333333336;65946.5575671559;;;0.0;-0.0;;;129.9609135855477;False
1025;other;B;50;100.0;1;2592.0;8.0;10271.288888888888;2.0188313486568816;1782.8624175746147;6790.320158437042;8.0;5.981168651343118;4.307280703878263;;129.9609135855477;False
1026;other;B;100;150.0;2;282.0;1.0;1283.911111111111;0.21964137358072555;600.2463938528355;1695.472240202199;0.0;0.0;1.6691663979521603;;129.9609135855477;False
1027;other;B;150;200.0;3;89.0;4.0;5135.644444444444;0.06931944059817226;337.7751717735729;884.3997452061815;4.0;3.9306805594018277;14.940838954934957;;129.9609135855477;False
1028;other;B;200;250.0;4;21.0;2.0;2567.822222222222;0.01635627250069233;164.1716581305474;407.59471139178123;2.0;1.9836437274993077;15.513166226274079;;129.9609135855477;False
1029;other;B;250;300.0;5;6.0;0.0;0.0;0.004673220714483522;87.7648373021147;212.6703981278997;0.0;-0.0;-0.06836450889034383;;129.9609135855477;False
1030;other;B;300;400.0;6;4.0;0.0;0.0;0.003115480476322348;71.6609300029583;172.74859441652595;0.0;-0.0;-0.05581842155599812;;129.9609135855477;False
1031;other;B;400;500.0;7;0.0;0.0;0.0;0.0;0.0;0.0;0.0;0.0;;;129.9609135855477;False
1032;other;B;500;600.0;8;0.0;0.0;0.0;0.0;0.0;0.0;0.0;0.0;;;129.9609135855477;False
1033;other;B;600;700.0;9;0.0;0.0;0.0;0.0;0.0;0.0;0.0;0.0;;;129.9609135855477;False
1034;other;B;700;800.0;10;0.0;0.0;0.0;0.0;0.0;0.0;0.0;0.0;;;129.9609135855477;False
1035;other;B;800;900.0;11;0.0;0.0;0.0;0.0;0.0;0.0;0.0;0.0;;;129.9609135855477;False
1036;other;B;900;1000.0;12;0.0;0.0;0.0;0.0;0.0;0.0;0.0;0.0;;;129.9609135855477;False
1037;other;B;1000;1100.0;13;0.0;0.0;0.0;0.0;0.0;0.0;0.0;0.0;;;129.9609135855477;False
1038;other;B;1100;1200.0;14;0.0;0.0;0.0;0.0;0.0;0.0;0.0;0.0;;;129.9609135855477;False
1039;other;B;1200;inf;15;0.0;0.0;0.0;0.0;0.0;0.0;0.0;0.0;;;129.9609135855477;False
1040;other;BnT;0;50.0;0;84669518.0;1.0;7222.0;11723.832456383274;;;0.0;-0.0;;;168.94179086386453;False
1041;other;BnT;50;100.0;1;2592.0;1.0;7222.0;0.35890335087233455;4228.429495687495;12549.190535445021;0.0;0.0;1.0949691853020278;;168.94179086386453;False
1042;other;BnT;100;150.0;2;282.0;1.0;7222.0;0.0390473553032401;1423.609321408089;3634.3437663446753;1.0;0.9609526446967599;4.874932957825578;;168.94179086386453;False
1043;other;BnT;150;200.0;3;89.0;4.0;28888.0;0.012323456106341734;801.1041598943299;1975.4561338768467;4.0;3.987676543893658;35.94913301136615;;168.94179086386453;False
1044;other;BnT;200;250.0;4;21.0;1.0;7222.0;0.0029077817779008587;389.36727520427286;937.8898645301039;1.0;0.9970922182220991;18.494106871775898;;168.94179086386453;False
1045;other;BnT;250;300.0;5;6.0;0.0;0.0;0.0008307947936859596;208.15258826159234;496.16188726347156;0.0;-0.0;-0.028825007894975576;;168.94179086386453;False
1046;other;BnT;300;400.0;6;4.0;0.0;0.0;0.0005538631957906397;169.95881854143371;404.2224327311459;0.0;-0.0;-0.023535113001652532;;168.94179086386453;False
1047;other;BnT;400;500.0;7;0.0;0.0;0.0;0.0;0.0;0.0;0.0;0.0;;;168.94179086386453;False
1048;other;BnT;500;600.0;8;0.0;0.0;0.0;0.0;0.0;0.0;0.0;0.0;;;168.94179086386453;False
1049;other;BnT;600;700.0;9;0.0;0.0;0.0;0.0;0.0;0.0;0.0;0.0;;;168.94179086386453;False
1050;other;BnT;700;800.0;10;0.0;0.0;0.0;0.0;0.0;0.0;0.0;0.0;;;168.94179086386453;False
1051;other;BnT;800;900.0;11;0.0;0.0;0.0;0.0;0.0;0.0;0.0;0.0;;;168.94179086386453;False
1052;other;BnT;900;1000.0;12;0.0;0.0;0.0;0.0;0.0;0.0;0.0;0.0;;;168.94179086386453;False
1053;other;BnT;1000;1100.0;13;0.0;0.0;0.0;0.0;0.0;0.0;0.0;0.0;;;168.94179086386453;False
1054;other;BnT;1100;1200.0;14;0.0;0.0;0.0;0.0;0.0;0.0;0.0;0.0;;;168.94179086386453;False
1055;other;BnT;1200;inf;15;0.0;0.0;0.0;0.0;0.0;0.0;0.0;0.0;;;168.94179086386453;False
1056;other;DC;0;50.0;0;84669518.0;307.0;52322.21828908555;496797.4003392412;;;0.0;-0.0;;;145.28774290802377;False
1057;other;DC;50;100.0;1;2592.0;14.0;2386.029498525074;15.208529493215176;649.567425836583;4121.614394959141;0.0;-0.0;-0.3170887167096704;;145.28774290802377;False
1058;other;DC;100;150.0;2;282.0;10.0;1704.3067846607669;1.6546316809747992;218.6935464448761;796.9839468873012;10.0;8.345368319025201;6.503652292360962;;145.28774290802377;False
1059;other;DC;150;200.0;3;89.0;5.0;852.1533923303834;0.522206452506231;123.06487964390944;378.7956454247992;5.0;4.477793547493769;6.201228120797601;;145.28774290802377;False
1060;other;DC;200;250.0;4;21.0;3.0;511.2920353982301;0.12321725283854888;59.814240468569515;161.8517724336889;3.0;2.8767827471614513;8.196911497285717;;145.28774290802377;False
1061;other;DC;250;300.0;5;6.0;0.0;0.0;0.03520492938244254;31.976207969460585;81.29821549056417;0.0;-0.0;-0.18763951015487518;;145.28774290802377;False
1062;other;DC;300;400.0;6;4.0;0.0;0.0;0.02346995292162836;26.10891641229465;65.48179972170898;0.0;-0.0;-0.15320436654032896;;145.28774290802377;False
1063;other;DC;400;500.0;7;0.0;0.0;0.0;0.0;0.0;0.0;0.0;0.0;;;145.28774290802377;False
1064;other;DC;500;600.0;8;0.0;0.0;0.0;0.0;0.0;0.0;0.0;0.0;;;145.28774290802377;False
1065;other;DC;600;700.0;9;0.0;0.0;0.0;0.0;0.0;0.0;0.0;0.0;;;145.28774290802377;False
1066;other;DC;700;800.0;10;0.0;0.0;0.0;0.0;0.0;0.0;0.0;0.0;;;145.28774290802377;False
1067;other;DC;800;900.0;11;0.0;0.0;0.0;0.0;0.0;0.0;0.0;0.0;;;145.28774290802377;False
1068;other;DC;900;1000.0;12;0.0;0.0;0.0;0.0;0.0;0.0;0.0;0.0;;;145.28774290802377;False
1069;other;DC;1000;1100.0;13;0.0;0.0;0.0;0.0;0.0;0.0;0.0;0.0;;;145.28774290802377;False
1070;other;DC;1100;1200.0;14;0.0;0.0;0.0;0.0;0.0;0.0;0.0;0.0;;;145.28774290802377;False
1071;other;DC;1200;inf;15;0.0;0.0;0.0;0.0;0.0;0.0;0.0;0.0;;;145.28774290802377;False
1072;other;MacCD163;0;50.0;0;84669518.0;4182.0;49109.6;7210156.960675713;;;0.0;-0.0;;;155.7982957475935;False
1073;other;MacCD163;50;100.0;1;2592.0;402.0;4720.721951219512;220.72556078648574;170.50673400620695;2993.5126750505765;402.0;181.27443921351426;12.484679644042801;;155.7982957475935;False
1074;other;MacCD163;100;150.0;2;282.0;103.0;1209.5382113821138;24.014123511492663;57.40546842312193;417.1795477371587;103.0;78.98587648850733;16.15766296941351;;155.7982957475935;False
1075;other;MacCD163;150;200.0;3;89.0;95.0;1115.5934959349593;7.578925505400166;32.30363756606987;165.0692532679961;95.0;87.42107449459984;31.779501421017738;;155.7982957475935;False
1076;other;MacCD163;200;250.0;4;21.0;56.0;657.6130081300813;1.788285793409028;15.700803925354874;57.97256780652627;56.0;54.21171420659097;40.54652304153861;;155.7982957475935;False
1077;other;MacCD163;250;300.0;5;6.0;37.0;434.49430894308944;0.5109387981168652;8.393522473443143;25.765234968881668;37.0;36.48906120188313;51.0505941097832;;155.7982957475935;False
1078;other;MacCD163;300;400.0;6;4.0;39.0;457.98048780487807;0.3406258654112434;6.8534010309522175;20.138526124322055;39.0;38.65937413458876;66.24163473792831;;155.7982957475935;False
1079;other;MacCD163;400;500.0;7;0.0;4.0;46.97235772357723;0.0;0.0;0.0;4.0;4.0;inf;;155.7982957475935;False
1080;other;MacCD163;500;600.0;8;0.0;2.0;23.486178861788616;0.0;0.0;0.0;2.0;2.0;inf;;155.7982957475935;False
1081;other;MacCD163;600;700.0;9;0.0;0.0;0.0;0.0;0.0;0.0;0.0;0.0;;;155.7982957475935;False
1082;other;MacCD163;700;800.0;10;0.0;0.0;0.0;0.0;0.0;0.0;0.0;0.0;;;155.7982957475935;False
1083;other;MacCD163;800;900.0;11;0.0;0.0;0.0;0.0;0.0;0.0;0.0;0.0;;;155.7982957475935;False
1084;other;MacCD163;900;1000.0;12;0.0;0.0;0.0;0.0;0.0;0.0;0.0;0.0;;;155.7982957475935;False
1085;other;MacCD163;1000;1100.0;13;0.0;0.0;0.0;0.0;0.0;0.0;0.0;0.0;;;155.7982957475935;False
1086;other;MacCD163;1100;1200.0;14;0.0;0.0;0.0;0.0;0.0;0.0;0.0;0.0;;;155.7982957475935;False
1087;other;MacCD163;1200;inf;15;0.0;0.0;0.0;0.0;0.0;0.0;0.0;0.0;;;155.7982957475935;False
1088;other;Neutrophil;0;50.0;0;84669518.0;333.0;45917.4415274463;614035.724903074;;;0.0;-0.0;;;123.00250571803507;False
1089;other;Neutrophil;50;100.0;1;2592.0;48.0;6618.73031026253;18.79756300193852;584.2746926470292;3967.861758049521;48.0;29.20243699806148;6.891844471338673;;123.00250571803507;False
1090;other;Neutrophil;100;150.0;2;282.0;20.0;2757.8042959427207;2.0451052340072002;196.7110719389964;745.2191752814738;20.0;17.9548947659928;12.585993617636895;;123.00250571803507;False
1091;other;Neutrophil;150;200.0;3;89.0;11.0;1516.7923627684963;0.6454410135696483;110.69473601910302;349.6661832571932;11.0;10.354558986430352;12.898466667124051;;123.00250571803507;False
1092;other;Neutrophil;200;250.0;4;21.0;2.0;275.78042959427205;0.15229507061755745;53.801877335026795;147.69373920881742;2.0;1.8477049293824426;4.735530472435793;;123.00250571803507;False
1093;other;Neutrophil;250;300.0;5;6.0;3.0;413.67064439140813;0.04351287731930213;28.762047387632208;73.72944572452637;3.0;2.9564871226806977;14.173909071810655;;123.00250571803507;False
1094;other;Neutrophil;300;400.0;6;4.0;2.0;275.78042959427205;0.029008584879534755;23.48451985949524;59.30181811306681;2.0;1.9709914151204653;11.572747972719826;;123.00250571803507;False
1095;other;Neutrophil;400;500.0;7;0.0;0.0;0.0;0.0;0.0;0.0;0.0;0.0;;;123.00250571803507;False
1096;other;Neutrophil;500;600.0;8;0.0;0.0;0.0;0.0;0.0;0.0;0.0;0.0;;;123.00250571803507;False
1097;other;Neutrophil;600;700.0;9;0.0;0.0;0.0;0.0;0.0;0.0;0.0;0.0;;;123.00250571803507;False
1098;other;Neutrophil;700;800.0;10;0.0;0.0;0.0;0.0;0.0;0.0;0.0;0.0;;;123.00250571803507;False
1099;other;Neutrophil;800;900.0;11;0.0;0.0;0.0;0.0;0.0;0.0;0.0;0.0;;;123.00250571803507;False
1100;other;Neutrophil;900;1000.0;12;0.0;0.0;0.0;0.0;0.0;0.0;0.0;0.0;;;123.00250571803507;False
1101;other;Neutrophil;1000;1100.0;13;0.0;0.0;0.0;0.0;0.0;0.0;0.0;0.0;;;123.00250571803507;False
1102;other;Neutrophil;1100;1200.0;14;0.0;0.0;0.0;0.0;0.0;0.0;0.0;0.0;;;123.00250571803507;False
1103;other;Neutrophil;1200;inf;15;0.0;0.0;0.0;0.0;0.0;0.0;0.0;0.0;;;123.00250571803507;False
1104;other;T;0;50.0;0;84669518.0;2427.0;44914.270339525945;4575225.616103573;;;0.0;-0.0;;;164.39488150145075;False
1105;other;T;50;100.0;1;2592.0;265.0;4904.112748238309;140.06203267792856;214.04625698227707;3096.0404165057116;265.0;124.93796732207144;10.801930296915918;;164.39488150145075;False
1106;other;T;100;150.0;2;282.0;122.0;2257.742472773863;15.238230407089448;72.06416636797611;451.69814349175533;122.0;106.76176959291055;27.416434163482446;;164.39488150145075;False
1107;other;T;150;200.0;3;89.0;140.0;2590.85201793722;4.809228745499862;40.55249048215082;184.49381746329556;140.0;135.19077125450013;61.694164481424636;;164.39488150145075;False
1108;other;T;200;250.0;4;21.0;105.0;1943.1390134529147;1.13476183882581;19.710062077152415;67.41364926808285;105.0;103.86523816117419;97.52069810480339;;164.39488150145075;False
1109;other;T;250;300.0;5;6.0;40.0;740.2434336963485;0.3242176682359457;10.536839373579975;30.812360568177475;40.0;39.675782331764054;69.68346082387734;;164.39488150145075;False
1110;other;T;300;400.0;6;4.0;17.0;314.6034593209481;0.21614511215729715;8.603442244224793;24.2595582529666;17.0;16.783854887842704;36.10223100288096;;164.39488150145075;False
1111;other;T;400;500.0;7;0.0;5.0;92.53042921204356;0.0;0.0;0.0;5.0;5.0;inf;;164.39488150145075;False
1112;other;T;500;600.0;8;0.0;1.0;18.506085842408712;0.0;0.0;0.0;1.0;1.0;inf;;164.39488150145075;False
1113;other;T;600;700.0;9;0.0;0.0;0.0;0.0;0.0;0.0;0.0;0.0;;;164.39488150145075;False
1114;other;T;700;800.0;10;0.0;0.0;0.0;0.0;0.0;0.0;0.0;0.0;;;164.39488150145075;False
1115;other;T;800;900.0;11;0.0;0.0;0.0;0.0;0.0;0.0;0.0;0.0;;;164.39488150145075;False
1116;other;T;900;1000.0;12;0.0;0.0;0.0;0.0;0.0;0.0;0.0;0.0;;;164.39488150145075;False
1117;other;T;1000;1100.0;13;0.0;0.0;0.0;0.0;0.0;0.0;0.0;0.0;;;164.39488150145075;False
1118;other;T;1100;1200.0;14;0.0;0.0;0.0;0.0;0.0;0.0;0.0;0.0;;;164.39488150145075;False
1119;other;T;1200;inf;15;0.0;0.0;0.0;0.0;0.0;0.0;0.0;0.0;;;164.39488150145075;False
1120;other;Tumor;0;50.0;0;84669518.0;24102.0;49058.205108331866;41597623.0343049;;;0.0;-0.0;;;124.66668738240209;False
1121;other;Tumor;50;100.0;1;2592.0;2541.0;5172.056226880394;1273.433951813902;70.9871332311395;2759.16192427197;2541.0;1267.566048186098;36.34540668770966;;124.66668738240209;False
1122;other;Tumor;100;150.0;2;282.0;868.0;1766.7630086313193;138.5448975353088;23.89964043883325;338.2793523743968;868.0;729.4551024646912;62.12490988855243;;124.66668738240209;False
1123;other;Tumor;150;200.0;3;89.0;478.0;972.9409194997357;43.72516269731376;13.448985678592418;120.6699410612836;478.0;434.27483730268625;65.72547109680985;;124.66668738240209;False
1124;other;Tumor;200;250.0;4;21.0;227.0;462.0451646996653;10.317173220714484;6.536721652557085;36.39280317622926;227.0;216.6828267792855;67.47192065722025;;124.66668738240209;False
1125;other;Tumor;250;300.0;5;6.0;72.0;146.55177030121544;2.9477637773469954;3.494478394496618;14.228867770288206;72.0;69.05223622265301;40.22110153050811;;124.66668738240209;False
1126;other;Tumor;300;400.0;6;4.0;94.0;191.3314778932535;1.9651758515646636;2.8532790502744816;10.718958701653218;94.0;92.03482414843533;65.65480438207838;;124.66668738240209;False
1127;other;Tumor;400;500.0;7;0.0;3.0;6.106323762550643;0.0;0.0;0.0;3.0;3.0;inf;;124.66668738240209;False
1128;other;Tumor;500;600.0;8;0.0;0.0;0.0;0.0;0.0;0.0;0.0;0.0;;;124.66668738240209;False
1129;other;Tumor;600;700.0;9;0.0;0.0;0.0;0.0;0.0;0.0;0.0;0.0;;;124.66668738240209;False
1130;other;Tumor;700;800.0;10;0.0;0.0;0.0;0.0;0.0;0.0;0.0;0.0;;;124.66668738240209;False
1131;other;Tumor;800;900.0;11;0.0;0.0;0.0;0.0;0.0;0.0;0.0;0.0;;;124.66668738240209;False
1132;other;Tumor;900;1000.0;12;0.0;0.0;0.0;0.0;0.0;0.0;0.0;0.0;;;124.66668738240209;False
1133;other;Tumor;1000;1100.0;13;0.0;0.0;0.0;0.0;0.0;0.0;0.0;0.0;;;124.66668738240209;False
1134;other;Tumor;1100;1200.0;14;0.0;0.0;0.0;0.0;0.0;0.0;0.0;0.0;;;124.66668738240209;False
1135;other;Tumor;1200;inf;15;0.0;0.0;0.0;0.0;0.0;0.0;0.0;0.0;;;124.66668738240209;False
1136;other;Tumor_CD15;0;50.0;0;84669518.0;981.0;46725.685078318216;1777626.0961991139;;;0.0;-0.0;;;135.30750283901517;False
1137;other;Tumor_CD15;50;100.0;1;2592.0;115.0;5477.526793075021;54.418720576017726;343.39477808948425;3400.6329068040723;115.0;60.581279423982274;8.402943134805298;;135.30750283901517;False
1138;other;Tumor_CD15;100;150.0;2;282.0;61.0;2905.4707337180544;5.92055524785378;115.6126660051048;554.247023368289;61.0;55.079444752146216;22.691897214810503;;135.30750283901517;False
1139;other;Tumor_CD15;150;200.0;3;89.0;26.0;1238.3973619126134;1.8685440321240654;65.0584302029964;242.20089554026288;26.0;24.131455967875933;17.66715486872715;;135.30750283901517;False
1140;other;Tumor_CD15;200;250.0;4;21.0;14.0;666.8293487221764;0.44089241207421764;31.62088647816966;95.461497320442;14.0;13.559107587925782;20.424137987657062;;135.30750283901517;False
1141;other;Tumor_CD15;250;300.0;5;6.0;10.0;476.3066776586974;0.1259692605926336;16.90426952317428;45.806512719776556;10.0;9.874030739407367;27.82176875575416;;135.30750283901517;False
1142;other;Tumor_CD15;300;400.0;6;4.0;6.0;285.78400659521844;0.08397950706175575;13.802517184432185;36.50244413778505;6.0;5.9160204929382445;20.415407047132078;;135.30750283901517;False
1143;other;Tumor_CD15;400;500.0;7;0.0;0.0;0.0;0.0;0.0;0.0;0.0;0.0;;;135.30750283901517;False
1144;other;Tumor_CD15;500;600.0;8;0.0;0.0;0.0;0.0;0.0;0.0;0.0;0.0;;;135.30750283901517;False
1145;other;Tumor_CD15;600;700.0;9;0.0;0.0;0.0;0.0;0.0;0.0;0.0;0.0;;;135.30750283901517;False
1146;other;Tumor_CD15;700;800.0;10;0.0;0.0;0.0;0.0;0.0;0.0;0.0;0.0;;;135.30750283901517;False
1147;other;Tumor_CD15;800;900.0;11;0.0;0.0;0.0;0.0;0.0;0.0;0.0;0.0;;;135.30750283901517;False
1148;other;Tumor_CD15;900;1000.0;12;0.0;0.0;0.0;0.0;0.0;0.0;0.0;0.0;;;135.30750283901517;False
1149;other;Tumor_CD15;1000;1100.0;13;0.0;0.0;0.0;0.0;0.0;0.0;0.0;0.0;;;135.30750283901517;False
1150;other;Tumor_CD15;1100;1200.0;14;0.0;0.0;0.0;0.0;0.0;0.0;0.0;0.0;;;135.30750283901517;False
1151;other;Tumor_CD15;1200;inf;15;0.0;0.0;0.0;0.0;0.0;0.0;0.0;0.0;;;135.30750283901517;False
